NseCode,Company,Ratio,AnnouncementDate,RecordDate,Ex-Bonus
notScraping,Assoc Stone,1:1,25-07-1990,-,18-12-1990
notScraping,Indian Hume,1:2,11-02-1989,-,11-12-1990
notScraping,Novartis India,1:2,16-01-1990,16-01-1991,10-12-1990
notScraping,Polychem,2:3,06-08-1991,-,10-12-1990
notScraping,BASF,1:2,12-06-1990,-,30-11-1990
SHRIDINESH,Shri Dinesh Mil,3:5,20-12-1990,20-12-1990,22-11-1990
CASTROLIND,Castrol,3:5,15-08-1990,15-12-1990,21-11-1990
CASTROLIND,Castrol,3:5,15-12-1990,15-12-1990,21-11-1990
,Electric Contro,1:1,11-09-1990,-,16-11-1990
,Stanrose Financ,1:2,19-04-1990,-,16-11-1990
,Udaipur Phos,1:3,11-09-1990,-,07-11-1990
GERMANREM,German Remedies,1:1,11-09-1990,-,05-11-1990
EVERESTIND,Everest Ind,1:1,03-05-1990,-,05-11-1990
notScraping,Foods and Inns,1:1,20-01-1990,-,05-11-1990
KSL,Kalyani Steels,1:1,16-08-1990,-,05-11-1990
FULFORD,Fulford,1:1,24-07-1990,-,22-10-1990
TRANSPEK,Transpek,2:5,08-11-1990,08-11-1990,11-10-1990
MAHSCOOTER,Mah Scooters,1:1,26-09-1990,26-09-1990,25-09-1990
notScraping,Windsor,1:1,01-11-1990,01-11-1990,21-09-1990
RATHIALLOY,Rathi Alloys,1:1,16-10-1990,16-10-1990,21-09-1990
SURYVANSPG,Suryavanshi Spg,1:1,18-09-1990,18-09-1990,05-09-1990
HINDALCO,Hindalco,3:5,11-09-1990,-,03-09-1990
TATACHEM,Tata Chemicals,1:2,15-09-1990,15-09-1990,10-08-1990
GOODYEAR,Goodyear,1:1,06-08-1990,06-08-1990,08-08-1990
RPGTLTD,RPG Transmissio,1:1,01-08-1990,01-08-1990,29-06-1990
,Vapi Paper,1:1,31-05-1990,31-05-1990,04-05-1990
WARRENTEA,Warren Tea,1:1,03-01-1990,03-05-1990,10-04-1990
TOKYOPLAST,Tokyo Plast,1:1,11-09-1990,-,23-03-1990
notScraping,Whirlpool,1:1,24-04-1990,24-04-1990,23-03-1990
GEORGWILIM,Williamson Tea,1:2,23-03-1990,23-03-1990,14-03-1990
SPARTEK,Spartek Ceramic,3:5,16-02-1990,16-02-1990,24-01-1990
,Borax Morarji,1:2,03-09-1989,-,16-01-1990
GOODRICKE,Goodricke Group,1:2,25-01-1990,25-01-1990,04-01-1990
ASSAMCO,Assam Company,1:1,19-01-1989,19-01-1990,03-01-1990
ADARSHCHEM,Adarsh Chemical,2:5,30-09-1992,31-01-1992,23-12-1991
NAHARINTL,Nahar Intl,1:1,30-09-1992,27-01-1992,23-12-1991
,Balsara Hygiene,1:1,30-09-1992,31-01-1992,21-12-1991
DALMIASUG,Dalmia Sugar,1:1,30-09-1992,01-02-1992,21-12-1991
INDOASAHI,IAG Company,1:1,30-09-1992,09-01-1992,16-12-1991
BALKRISIND,Balkrishna Ind,1:1,30-09-1991,14-01-1992,16-12-1991
,Amzel Auto,1:2,30-09-1992,10-01-1992,16-12-1991
ITC,ITC,3:5,30-09-1991,15-01-1992,12-12-1991
notScraping,IVP,1:2,30-09-1991,30-12-1991,29-11-1991
BIRLACORPN,Birla Corp,1:2,30-09-1991,18-12-1991,29-11-1991
,Arlem Breweries,1:2,30-09-1991,17-12-1991,18-11-1991
,Neelamalai Agro,1:1,30-09-1991,18-12-1991,18-11-1991
DRBECK,Elantas Beck,1:2,30-09-1991,16-12-1991,18-11-1991
SMITHKLPHA,SmithKline Phar,2:5,11-12-1991,11-12-1991,18-11-1991
notScraping,Colgate,3:5,30-09-1991,16-12-1991,15-11-1991
MERCK,Merck,1:2,30-09-1991,12-12-1991,05-11-1991
,Jam Shri Ranjit,1:1,24-12-1991,24-12-1991,05-11-1991
ZANDUREALT,Zandu Realty,1:1,30-09-1991,19-12-1991,05-11-1991
GRPLTD,GRP,1:1,30-09-1991,23-12-1991,02-11-1991
RANBAXY,Ranbaxy Labs,2:3,30-09-1991,26-11-1991,18-10-1991
GOACARBON,Goa Carbon,1:1,30-09-1991,26-11-1991,18-10-1991
BLOWPLAST,Blow Plast,1:1,30-09-1991,12-11-1991,04-10-1991
,Bhoruka Steel,3:5,30-09-1991,12-11-1991,04-10-1991
notScraping,Industrial Inv,1:2,30-09-1991,01-11-1991,04-10-1991
BHAGYANGR,Bhagyanagar Ind,1:1,30-09-1991,05-11-1991,04-10-1991
BISHNATTEA,Bishnauth Tea,1:1,30-09-1991,12-11-1991,04-10-1991
,GIS Ltd,1:2,17-09-1991,17-09-1991,03-10-1991
ALFALAVAL,Alfa Laval,1:2,30-09-1991,22-10-1991,16-09-1991
,Simplex Realty,1:7,30-09-1991,14-10-1991,13-09-1991
PORRITSPEN,Voith Paper Fab,3:5,30-09-1991,27-09-1991,09-09-1991
BAJAJHLDNG,Bajaj Holdings,1:1,30-09-1991,15-10-1991,06-09-1991
notScraping,Century,3:5,30-09-1991,08-10-1991,06-09-1991
notScraping,TCPL Packaging,1:1,30-09-1991,16-09-1991,02-09-1991
RSWM,RSWM,1:1,30-09-1991,17-09-1991,23-08-1991
PEL,Piramal Enter,1:1,30-09-1991,25-09-1991,23-08-1991
VSTIND,VST,3:5,30-09-1991,17-09-1991,23-08-1991
notScraping,AYM Syntex,3:5,30-09-1991,27-08-1991,02-08-1991
RECKCOLMAN,Reckitt,3:5,30-09-1991,29-08-1991,02-08-1991
HINDUNILVR,HUL,1:2,30-09-1991,21-08-1991,19-07-1991
DSKULKARNI,DS Kulkarni,1:1,30-09-1991,12-07-1991,25-06-1991
UNITEDTEA,United Nilgiri,1:2,30-09-1991,01-06-1991,20-05-1991
GESHIP,GE Shipping,1:5,29-09-1992,-,10-05-1991
RUBYMILLS,Ruby Mills,1:2,30-01-1991,11-05-1991,19-04-1991
MADURACOAT,Madura Coats,1:2,30-09-1991,16-05-1991,19-04-1991
SUPERFORGE,Super Forgings,2:5,30-09-1991,19-04-1991,22-03-1991
VTXIND,VTX Industries,1:1,30-09-1991,01-04-1991,20-03-1991
RAJINSTEEL,Rajinder Steels,2:5,02-04-1991,02-04-1991,06-03-1991
ATUL,Atul,1:4,17-09-1991,-,22-02-1991
,Shree Acids,2:3,11-09-1991,-,22-02-1991
THOMASCOOK,Thomas Cook,1:2,12-03-1990,12-03-1991,22-02-1991
PARKEDAVIS,Parke Davis,3:5,21-03-1991,21-03-1991,19-02-1991
notScraping,Hawkins Cooker,19:56,07-06-1991,-,04-02-1991
notScraping,Dharamsi Morarj,2:5,03-05-1990,01-02-1991,09-01-1991
GSFC,GSFC,3:10,28-01-1990,28-01-1991,07-01-1991
INEOSSTYRO,INEOS Styro,1:1,29-04-1990,-,07-01-1991
JAGAJITIND,Jagatjit Ind,1:1,30-09-1992,31-12-1992,21-12-1992
NAHARINDUS,Nahar Ent,2:5,30-09-1993,05-01-1993,18-12-1992
HBSTOCK,Hb Stockhol,2:5,30-09-1992,30-12-1992,18-12-1992
,Milkfood,1:1,30-09-1993,16-01-1993,18-12-1992
TRANSFREIT,Trans Freight,1:1,30-09-1993,16-01-1993,18-12-1992
ROLLT,Rollatainers,1:2,10-09-1992,01-01-1993,04-12-1992
STER,Sterlite Ind,4:5,30-09-1992,22-12-1992,04-12-1992
DRREDDY,Dr Reddys Labs,1:1,30-09-1992,22-12-1992,04-12-1992
ROLLT,Rollatainers,1:2,30-09-1993,01-01-1993,04-12-1992
notScraping,Godfrey Phillip,1:1,30-09-1993,08-01-1993,04-12-1992
TRIVENSHET,Triveni Glass,1:1,11-09-1992,-,23-11-1992
TRANSPEK,Transpek,3:5,30-09-1992,20-12-1992,20-11-1992
BBL,Bharat Bijlee,1:1,30-09-1992,17-12-1992,20-11-1992
PUNJABTRAC,Punj Tractors,1:1,30-09-1992,16-12-1992,20-11-1992
RUBYMILLS,Ruby Mills,5:2,30-09-1992,15-12-1992,20-11-1992
ORIENTHOT,Oriental Hotels,2:5,30-09-1992,15-12-1992,20-11-1992
LLOYDFIN,Lloyds Finance,1:1,30-09-1992,04-12-1992,06-11-1992
notScraping,BASF,1:2,30-09-1992,01-12-1992,30-10-1992
BRABOURNE,Brabourne Enter,1:2,30-09-1992,27-11-1992,16-10-1992
VDOCONINTL,Videocon Intl,1:1,30-09-1992,17-11-1992,16-10-1992
COREPARENT,Core Healthcare,1:1,30-09-1992,30-10-1992,16-10-1992
notScraping,Excel,1:2,30-09-1992,11-11-1992,09-10-1992
TATAGLOBAL,Tata Global Bev,1:2,30-09-1992,08-11-1992,09-10-1992
ACC,ACC,2:5,04-10-1992,06-11-1992,09-10-1992
RAMCOCEM,Ramco Cements,1:1,30-09-1992,23-10-1992,06-10-1992
FINCABLES,Finolex Cables,1:1,30-09-1992,03-11-1992,06-10-1992
CIPLA,Cipla,1:1,30-09-1992,06-11-1992,06-10-1992
DICIND,DIC India,1:1,30-09-1992,05-11-1992,06-10-1992
,Fiberweb India,2:5,30-09-1992,30-10-1992,06-10-1992
ELGIEQUIP,Elgi Equipments,1:1,30-09-1992,16-10-1992,06-10-1992
notScraping,Uniphos Ent,1:1,10-11-1993,10-11-1992,06-10-1992
,Canara Steel,1:1,30-09-1992,16-10-1992,18-09-1992
INGERRAND,Ingersoll Rand,1:1,30-09-1992,20-10-1992,18-09-1992
MARDIACHEM,Mardia Chemical,1:1,30-09-1992,13-10-1992,18-09-1992
KERALACHEM,Nitta Gelatin,1:2,30-06-1992,16-09-1992,21-08-1992
ETPCORP,ETP Corporation,3:10,30-07-1992,25-09-1992,21-08-1992
KERALACHEM,Nitta Gelatin,1:2,30-09-1992,16-09-1992,21-08-1992
WIPRO,Wipro,1:1,30-07-1992,10-09-1992,12-08-1992
,Vijayakumar Mil,1:1,30-09-1992,02-09-1992,10-08-1992
,Indore Wire,2:1,30-09-1992,02-09-1992,08-08-1992
ARAVALISEC,Aravali Sec,3:10,25-09-1982,25-09-1982,07-08-1992
SUPREMEIND,Supreme Ind,1:1,30-07-1992,02-09-1992,07-08-1992
TOKYOPLAST,Tokyo Plast,1:2,11-09-1992,-,28-07-1992
notScraping,Guj Lease Fin,1:2,30-09-1992,18-08-1992,24-07-1992
notScraping,Whirlpool,1:2,30-09-1992,25-08-1992,24-07-1992
notScraping,Guj Lease Fin,1:2,30-05-1992,18-08-1992,24-07-1992
SHIVAJWORK,Shivaji Works,1:1,30-09-1992,04-08-1992,10-07-1992
IFBIND,IFB Industries,1:2,30-09-1992,14-08-1992,10-07-1992
,Bhoruka Steel,1:2,30-09-1992,31-07-1992,26-06-1992
,Mid-West India,1:25,30-09-1992,29-07-1992,26-06-1992
RUCHINFRA,Ruchinfra,1:1,30-05-1992,01-08-1992,26-06-1992
WOPOLIN,Wopolin Plastic,1:1,30-09-1992,25-07-1992,26-06-1992
SANDVIKAS,Sandvik Asia,1:1,30-09-1992,25-07-1992,26-06-1992
notScraping,Govind Rubber,1:1,30-09-1992,01-08-1992,26-06-1992
UBHOLDINGS,UB Holdings,1:1,30-05-1992,15-07-1992,17-06-1992
PRAKASH,Prakash Ind,1:2,30-09-1992,04-07-1992,29-05-1992
CASTROLIND,Castrol,3:5,25-02-1992,23-06-1992,22-05-1992
CASTROLIND,Castrol,3:5,30-09-1992,23-06-1992,22-05-1992
ELFORGE,El Forge,1:1,30-09-1992,21-03-1992,09-03-1992
GEORGWILIM,Williamson Tea,1:2,30-09-1992,31-03-1992,28-02-1992
PENINLAND,Peninsula Land,1:1,30-09-1992,03-04-1992,28-02-1992
GOODRICKE,Goodricke Group,1:1,30-09-1992,24-03-1992,21-02-1992
,Rolcon Engg,1:2,30-09-1992,18-03-1992,21-02-1992
SURYVANSPG,Suryavanshi Spg,1:2,30-09-1992,03-03-1992,07-02-1992
S&SPOWER,SandS Power,1:1,30-09-1992,05-02-1992,25-01-1992
SHAWALLACE,Shaw Wallace,1:1,30-09-1992,25-02-1992,24-01-1992
SIL,Standard Ind,2:5,30-09-1992,12-02-1992,17-01-1992
KCP,KCP,1:2,30-09-1992,22-01-1992,08-01-1992
IMPAL,Ind Motor Parts,1:1,30-09-1993,07-01-1994,20-12-1993
,Stewart Mackert,2:1,14-12-1994,14-01-1994,13-12-1993
DALMIASUG,Dalmia Sugar,1:3,01-01-1994,19-01-1994,13-12-1993
notScraping,Colgate,1:1,20-10-1993,07-01-1994,10-12-1993
GRANDFONRY,Grand Foundry,2:5,30-09-1993,30-12-1993,03-12-1993
ORICONENT,Oricon Ent,3:5,30-09-1993,17-12-1993,26-11-1993
WESTINDIA,Western I Ind,1:1,24-02-1993,-,26-11-1993
,Aroni Comm,2:1,30-09-1993,10-12-1993,19-11-1993
,Cravatex,3:5,30-09-1993,07-12-1993,19-11-1993
DABUR,Dabur India,4:1,30-09-1993,01-12-1993,16-11-1993
SOLPHARMA,SOL Pharma,1:4,30-09-1993,01-12-1993,13-11-1993
SOLPHARMA,SOL Pharma,1:4,01-12-1994,01-12-1993,13-11-1993
notScraping,Hind Syntex,1:1,30-09-1993,02-12-1993,05-11-1993
THOMASCOOK,Thomas Cook,1:1,30-09-1993,01-12-1993,05-11-1993
,EICL,1:1,30-09-1993,16-11-1993,03-11-1993
,Duncan Eng,1:1,30-09-1993,04-11-1993,22-10-1993
notScraping,Hawkins Cooker,1:3,30-09-1993,16-11-1993,22-10-1993
,Stanrose Financ,1:1,30-09-1993,04-11-1993,22-10-1993
WILLAMAGOR,Williamson Mago,1:1,15-11-1993,15-11-1993,22-10-1993
,UP Hotels,1:1,30-09-1993,09-11-1993,11-10-1993
DHAMPURSUG,Dhampur Sugar,1:2,30-09-1993,27-10-1993,08-10-1993
notScraping,JB Chemicals,1:2,30-09-1993,25-10-1993,01-10-1993
,Chaman Lal Seti,1:4,11-09-1993,-,14-09-1993
notScraping,Industrial Inv,2:3,30-09-1993,01-10-1993,10-09-1993
NESTLEIND,Nestle,1:4,30-09-1993,16-10-1993,10-09-1993
TITAGRSTEL,Titagarh Steels,2:1,30-09-1993,24-09-1993,03-09-1993
LGBBROSLTD,LG Balakrishnan,1:2,30-07-1993,16-09-1993,01-09-1993
ANDHRSUGAR,Andhra Sugar,1:1,30-09-1993,01-09-1993,18-08-1993
NOCIL,NOCIL,1:3,30-09-1993,27-08-1993,30-07-1993
PEL,Piramal Enter,1:2,30-09-1993,11-06-1993,21-05-1993
,Uma Maheshwari,1:1,30-09-1993,18-05-1993,05-05-1993
RANBAXY,Ranbaxy Labs,1:2,30-03-1993,15-05-1993,23-04-1993
VEDL,Vedanta,1:1,30-03-1993,25-05-1993,23-04-1993
,Loyal Textiles,1:1,30-09-1993,25-05-1993,23-04-1993
,Sree Uma Param,1:1,30-09-1993,23-04-1993,12-04-1993
PAPERPROD,Huhtamaki PPL,1:2,30-09-1993,30-04-1993,09-04-1993
,Punj Fibres,1:1,30-09-1993,06-04-1993,10-03-1993
HINDSPG,Hindoostan Spg,1:1,30-09-1992,12-03-1993,18-02-1993
HINDSPG,Hindoostan Spg,1:1,30-09-1993,12-03-1993,18-02-1993
,Kaytee Cotsynth,1:1,30-09-1993,10-03-1993,05-02-1993
EIHOTEL,EIH,1:5,30-09-1992,19-02-1993,25-01-1993
TCI,Transport Corp,1:2,30-09-1993,18-02-1993,22-01-1993
HARYANSHET,Haryana Sheet,1:1,30-09-1993,03-02-1993,11-01-1993
AUTORIDFIN,Autoriders Fin,1:1,30-09-1993,04-02-1993,07-01-1993
MINDACORP,Minda Corp,3:2,16-11-1994,31-12-1994,19-12-1994
CAROLINFO,Carol Info,1:1,09-08-1994,24-01-1995,16-12-1994
CAROLINFO,Carol Info,1:1,09-12-1995,24-01-1995,16-12-1994
RAJASPETRO,Rajasthan Petro,1:1,07-09-1995,10-01-1995,09-12-1994
SURYAROSNI,Surya Roshni,3:4,03-01-1995,17-01-1995,09-12-1994
SCHAEFFLER,Schaeffler Ind,1:2,11-08-1995,10-01-1995,02-12-1994
notScraping,Golden Tobacco,3:5,24-08-1995,07-01-1995,02-12-1994
notScraping,Modern Home,1:2,24-08-1995,03-01-1995,01-12-1994
ESSELPACK,Essel Propack,1:2,26-07-1994,22-12-1994,01-12-1994
LAKSHMIMIL,Lakshmi Mills,1:2,08-09-1995,02-01-1995,01-12-1994
,Indabrator,1:1,09-08-1994,26-12-1994,25-11-1994
IMFA,Indian Metals,1:1,24-11-1994,16-12-1994,25-11-1994
KOTAKBANK,Kotak Mahindra,1:1,03-01-1994,02-01-1995,25-11-1994
,Sagar Soya,1:2,11-07-1994,-,25-11-1994
HEG,HEG,1:1,27-07-1994,26-12-1994,25-11-1994
SHRIRAMINV,Shriram Inv,1:2,25-10-1994,-,25-11-1994
ZANDUREALT,Zandu Realty,1:1,17-08-1994,23-12-1994,22-11-1994
HEROMOTOCO,Hero Motocorp,1:4,27-10-1994,16-12-1994,21-11-1994
ASSAMFRONT,Apeejay Tea,1:1,09-08-1994,16-12-1994,21-11-1994
,Kothari Global,1:3,29-07-1994,29-11-1994,14-11-1994
ANTFRIBEAR,ABC Bearings,1:2,27-09-1994,01-12-1994,11-11-1994
DECCANCE,Deccan Cements,1:1,19-07-1994,08-12-1994,01-11-1994
notScraping,Aarti Ind,1:1,22-07-1994,17-11-1994,21-10-1994
BHORIND,Bhor Industries,1:2,03-07-1994,26-11-1994,21-10-1994
SISHIPPING,SI Shipping,3:1,14-10-1994,15-11-1994,21-10-1994
SUMANMOTEL,Suman Motels,1:5,21-05-1994,-,21-10-1994
notScraping,HPCL,2:1,30-06-1994,07-11-1994,21-10-1994
RAMCOCEM,Ramco Cements,1:1,05-10-1994,23-11-1994,21-10-1994
notScraping,Ambuja Cements,1:1,14-10-1994,19-11-1994,21-10-1994
MYSORPETRO,Mysore Petro,3:5,04-08-1994,28-12-1994,21-10-1994
PUNJABWOOL,Punj Woolcomber,1:2,26-05-1994,19-11-1994,21-10-1994
ROOFITIND,Roofit Ind,3:5,19-09-1994,02-11-1994,18-10-1994
SHRIDINESH,Shri Dinesh Mil,1:1,12-08-1994,15-11-1994,14-10-1994
BPCL,BPCL,2:1,02-09-1994,16-11-1994,14-10-1994
BHAGYANGR,Bhagyanagar Ind,2:1,04-05-1994,-,11-10-1994
ORIENTHOT,Oriental Hotels,1:2,13-09-1994,31-10-1994,07-10-1994
TATAGLOBAL,Tata Global Bev,1:2,04-10-1994,08-11-1994,07-10-1994
,DSP Merrill,23:1,03-10-1994,01-11-1994,07-10-1994
KANSAINER,Kansai Nerolac,1:2,22-09-1994,28-10-1994,30-09-1994
JINDALSAW,Jindal Saw,1:1,28-09-1994,-,30-09-1994
VTL,Vardhman Text,1:1,13-06-1994,28-10-1994,27-09-1994
notScraping,Sanofi India,1:1,31-08-1994,18-10-1994,23-09-1994
notScraping,Cummins,1:2,12-08-1994,17-10-1994,23-09-1994
VULCANENG,Terruzzi Fercal,1:1,18-07-1994,17-01-1994,23-09-1994
notScraping,Pentafour Prod,1:2,12-09-1994,10-10-1994,12-09-1994
VHL,Vardhman Hold,2:1,07-09-1994,-,12-09-1994
ITC,ITC,1:1,12-07-1994,06-10-1994,12-09-1994
PORRITSPEN,Voith Paper Fab,2:5,31-08-1994,04-10-1994,12-09-1994
SMITHKLPHA,SmithKline Phar,2:5,08-06-1994,30-09-1994,12-09-1994
JYOTISTRUC,Jyoti Structure,1:2,31-08-1994,30-09-1994,12-09-1994
VIPPYSOLVX,Vippy Ind,1:2,22-07-1994,27-09-1994,02-09-1994
GARFIBRES,Garware Technic,1:1,09-08-1994,19-09-1994,26-08-1994
notScraping,Winsome Diamond,1:1,18-08-1994,17-09-1994,26-08-1994
TATAINVEST,Tata Inv Corp,1:2,24-08-1994,15-09-1994,26-08-1994
ITCBHADRA,ITC Bhadrachala,1:1,29-07-1994,24-10-1994,26-08-1994
JAICORPLTD,Jai Corp,3:1,19-08-1994,-,26-08-1994
KAKATCEM,Kakatiya Cement,1:1,05-08-1994,14-09-1994,19-08-1994
INFY,Infosys,1:1,30-06-1994,15-09-1994,19-08-1994
ATLASCYCLE,Atlas Cycles,1:2,15-09-1994,20-09-1994,18-08-1994
,Aroni Comm,12:10,05-08-1994,-,12-08-1994
BALKRISIND,Balkrishna Ind,1:1,22-07-1994,12-09-1994,12-08-1994
JAGAJITIND,Jagatjit Ind,1:1,27-07-1994,-,08-08-1994
TRANSFREIT,Trans Freight,1:1,25-03-1995,-,01-08-1994
TRANSFREIT,Trans Freight,1:1,27-07-1994,20-08-1994,29-07-1994
SHANTIGEAR,Shanthi Gears,1:1,20-05-1994,-,22-07-1994
HIMATSEIDE,Himatsingka Sei,1:2,14-07-1994,17-08-1994,22-07-1994
FULFORD,Fulford,1:1,30-06-1994,17-08-1994,15-07-1994
,Usha Intl,1:1,21-07-1994,20-07-1994,05-07-1994
notScraping,Unichem Labs,1:2,29-06-1994,-,01-07-1994
ALPICFIN,Alpic Finance,1:1,27-06-1994,15-07-1994,01-07-1994
ROYALCUSHN,Royal Cushion,1:1,27-06-1994,18-07-1994,01-07-1994
PATHEJAFOR,Patheja Forging,3:2,29-06-1994,27-07-1994,01-07-1994
SURYVANSPG,Suryavanshi Spg,1:1,15-06-1994,16-07-1994,17-06-1994
BAJAJHLDNG,Bajaj Holdings,1:1,30-05-1994,27-06-1994,03-06-1994
notScraping,Assoc Stone,2:1,27-05-1994,16-06-1994,27-05-1994
SIVIND,SIV Industries,1:1,23-05-1994,23-06-1994,27-05-1994
VIKASHYB,VHEL Industries,1:2,25-05-1994,07-06-1994,23-05-1994
notScraping,India Steel,3:2,18-05-1994,-,20-05-1994
RPGTLTD,RPG Transmissio,1:1,09-05-1994,-,20-05-1994
,APS-Star Ind,1:1,29-04-1994,01-06-1994,06-05-1994
notScraping,Rane Holdings,1:1,26-04-1994,14-05-1994,25-04-1994
TORRENTAEC,TorrentPowerAEC,1:2,19-04-1994,13-05-1994,22-04-1994
,Classic Elec,1:2,19-04-1994,16-05-1994,22-04-1994
KOPRAN,Kopran,1:2,25-03-1994,03-05-1994,08-04-1994
DRREDDY,Dr Reddys Labs,2:1,24-03-1994,03-05-1994,08-04-1994
CIPLA,Cipla,5:1,24-03-1994,26-04-1994,04-04-1994
TATACOFFEE,Tata Coffee,1:1,11-10-1994,06-04-1994,23-03-1994
ANSALAPI,Ansal Propertie,1:2,08-03-1994,12-04-1994,18-03-1994
CONSOFINVT,Consol Finvest,1:1,28-02-1994,01-04-1994,15-03-1994
CHEMPLAST,Chemplast Sanma,1:2,03-03-1994,29-03-1994,15-03-1994
SHREEKRPOL,Krishna Life,2:5,03-02-1994,26-03-1994,04-03-1994
CASTROLIND,Castrol,1:1,29-01-1994,16-04-1994,18-02-1994
ASIANELEC,Asian Electroni,1:2,31-01-1994,08-03-1994,11-02-1994
VMJOGENGG,Jog Engineering,1:1,31-01-1994,28-02-1994,11-02-1994
INGERRAND,Ingersoll Rand,1:1,10-04-1994,-,07-02-1994
EVERESTIND,Everest Ind,1:1,15-01-1994,01-03-1994,04-02-1994
SIL,Standard Ind,1:2,29-01-1994,03-03-1994,04-02-1994
GEEKAYEXIM,Geekay Exim,3:5,18-01-1994,01-03-1994,04-02-1994
,Sukhjit Starch,1:1,30-09-1993,16-02-1994,01-02-1994
PANCARBON,PanasonicCarbon,1:5,25-01-1994,19-02-1994,28-01-1994
,Shree Ambeshwar,7:10,19-01-1994,21-02-1994,26-01-1994
ABB,ABB India,1:3,12-01-1994,08-02-1994,14-01-1994
RECKCOLMAN,Reckitt,1:1,24-12-1994,28-01-1994,07-01-1994
MAHAPEXLTD,Maha Rasht Apex,1:5,03-01-1994,21-01-1994,07-01-1994
LKPMERFIN,LKP Finance,3:4,20-12-1994,17-01-1994,03-01-1994
M&M,M&M,2:3,07-11-1995,23-01-1996,20-12-1995
LFIC,Lakshmi Finance,1:2,16-11-1996,01-01-1996,18-12-1995
,Guj Petrosynth,3:10,30-11-1996,11-01-1996,18-12-1995
VIKASHYB,VHEL Industries,3:4,18-10-1996,05-01-1996,11-12-1995
,Wall Street Fin,1:2,05-01-1995,09-01-1995,09-12-1995
BBL,Bharat Bijlee,1:1,12-10-1995,27-12-1995,04-12-1995
SHASUNPHAR,Shasun Pharma,1:2,11-07-1995,16-12-1995,04-12-1995
CHETTINAD,Chetinad Cem,1:1,19-10-1995,16-12-1995,04-12-1995
notScraping,Sadhana Nitro,1:2,14-07-1995,22-12-1995,04-12-1995
notScraping,Ratnamani Metal,1:2,12-10-1995,19-12-1995,27-11-1995
ULTRMARINE,Ultramarine,1:1,02-08-1995,12-12-1995,17-11-1995
notScraping,Uniphos Ent,1:1,09-06-1995,01-12-1995,14-11-1995
EIMCOELECO,Eimco Elecon,1:2,25-08-1995,12-12-1995,13-11-1995
ASTRAZEN,AstraZeneca,1:1,04-10-1995,19-12-1995,13-11-1995
ASIANPAINT,Asian Paints,1:1,18-10-1995,06-12-1995,08-11-1995
notScraping,Excel,1:2,12-10-1995,16-11-1995,26-10-1995
HIRECT,Hind Rectifiers,1:1,27-09-1995,21-11-1995,23-10-1995
notScraping,Ashapura Mine,1:1,27-09-1995,27-11-1995,23-10-1995
,Trackparts,2:1,18-10-1995,-,23-10-1995
,Coastal Papers,3:1,27-09-1995,22-11-1995,23-10-1995
,John Fowler,1:1,18-10-1995,01-12-1995,23-10-1995
,Kulkarni Power,1:1,27-09-1995,30-11-1995,23-10-1995
TIFIN,TI Financial,1:3,27-09-1995,16-11-1995,23-10-1995
,Alang Marine,1:1,17-08-1995,-,23-10-1995
LLOYDFIN,Lloyds Finance,1:2,19-10-1995,24-11-1995,23-10-1995
notScraping,Sterling Intl,3:5,28-02-1995,27-10-1995,09-10-1995
VULCANENG,Terruzzi Fercal,1:1,25-05-1995,-,09-10-1995
,United Motors,1:1,27-09-1995,10-11-1995,09-10-1995
,Dolat Investmen,9:1,12-06-1995,06-12-1995,06-10-1995
TATACHEM,Tata Chemicals,3:5,19-06-1995,08-11-1995,04-10-1995
TATAMOTORS,Tata Motors,3:5,28-09-1995,01-11-1995,04-10-1995
TATAMTRDVR,TML-D,3:5,28-09-1995,01-11-1995,04-10-1995
NOCIL,NOCIL,1:1,20-06-1995,31-10-1995,04-10-1995
SUNDRMFAST,Sundram,1:1,31-05-1995,10-10-1995,25-09-1995
,Rasoi,1:2,21-09-1995,20-10-1995,25-09-1995
SIGIND,Signet Ind,5:2,18-07-1995,08-10-1995,18-09-1995
EVERESTIND,Everest Ind,1:2,25-05-1995,11-10-1995,11-09-1995
BLUESTARCO,Blue Star,1:1,08-09-1995,04-10-1995,11-09-1995
DELTAMAGNT,Delta Magnets,1:2,06-09-1995,09-10-1995,11-09-1995
BBTC,Bombay Burmah,1:1,14-08-1995,-,11-09-1995
UCALFUEL,UCAL Fuel,1:5,08-09-1995,29-09-1995,11-09-1995
,Chemox Sec,1:1,21-04-1995,09-10-1995,11-09-1995
,Kapashi Com,1:1,11-08-1995,09-10-1995,11-09-1995
GREAVESCOT,Greaves Cotton,1:2,12-06-1995,22-09-1995,28-08-1995
GODREJIND,Godrej Ind,1:2,26-07-1995,01-09-1995,31-07-1995
INDAL,Indal,1:2,21-07-1995,01-09-1995,26-07-1995
,Goldcrest Corp,1:2,22-02-1995,12-08-1995,17-07-1995
GOLCRESFIN,Goldcrest Fin,1:2,22-02-1995,12-08-1995,17-07-1995
HCC,Hind Constr,1:1,12-06-1995,14-07-1995,19-06-1995
DYNAMATECH,Dynamatic Tech,1:3,17-02-1995,12-07-1995,19-06-1995
SANDVIKAS,Sandvik Asia,3:5,21-03-1995,18-07-1995,19-06-1995
NIITLTD,NIIT,1:2,16-05-1995,27-06-1995,05-06-1995
GSKCONS,GlaxoSmith Con,1:1,13-03-1995,23-06-1995,31-05-1995
INDORAMA,Indo Rama Synth,1:2,22-03-1995,16-06-1995,22-05-1995
RUCHINFRA,Ruchinfra,1:2,15-05-1995,20-06-1995,22-05-1995
,Sree Uma Param,2:1,20-11-1994,23-12-1994,12-05-1995
HCL-INSYS,HCL Info,1:2,16-02-1995,01-06-1995,05-05-1995
CASTROLIND,Castrol,3:5,13-02-1995,30-05-1995,05-05-1995
METALFORGE,Metalyst Forgin,1:1,08-03-1995,18-05-1995,21-04-1995
,Oriental Indust,3:2,17-04-1995,-,21-04-1995
SALZERELEC,Salzer Electro,1:1,24-03-1995,03-05-1995,03-04-1995
MIDEASTI,Mideast India,1:2,13-03-1995,25-04-1995,03-04-1995
,Premier Synth,1:2,01-03-1995,06-04-1995,10-03-1995
FLEXENGG,Flex Engg,2:1,20-02-1995,29-03-1995,03-03-1995
,Niwas Spinning,1:2,20-03-1995,01-04-1995,03-03-1995
,Anuh Pharma,3:1,01-12-1994,28-03-1995,24-02-1995
WIPRO,Wipro,1:1,01-02-1995,-,24-02-1995
BETANAPTOL,Beta Napthol,1:2,12-12-1995,15-03-1995,17-02-1995
AMJLAND,AMJ Land ,1:1,29-11-1995,16-03-1995,17-02-1995
BANCOINDIA,Banco Products,1:2,05-10-1994,-,09-02-1995
,Uma Maheshwari,2:1,16-12-1995,18-02-1995,08-02-1995
PRAKASH,Prakash Ind,1:2,22-12-1995,07-03-1995,03-02-1995
PAREKHPLAT,Parekh Platinum,1:1,09-08-1995,20-02-1995,27-01-1995
PIRAMHELTH,Piramal Holding,1:1,18-10-1995,21-02-1995,23-01-1995
notScraping,Universal Cable,1:1,19-08-1995,02-02-1995,13-01-1995
LLOYDMETAL,Lloyds Metals,1:1,13-09-1995,13-02-1995,13-01-1995
OTIS,Otis Elevator,1:1,23-11-1995,15-02-1995,13-01-1995
NIPPOBATRY,Indo-National,1:1,22-11-1995,10-02-1995,13-01-1995
notScraping,Binani Ind,2:1,24-10-1995,28-01-1995,13-01-1995
KEDIADIST,Kedia Distiller,1:1,03-01-1995,-,06-01-1995
POLARIND,Polar Ind,1:2,26-10-1994,-,06-01-1995
,Ruttonsha Intl,1:1,26-10-1995,07-02-1995,05-01-1995
GLAXO,GlaxoSmithKline,1:1,28-09-1994,24-01-1995,02-01-1995
KIRLOSBROS,Kirloskar Bros,1:2,10-04-1996,-,23-12-1996
SUNCLAYLTD,Sundaram-Clayto,1:1,04-10-1996,08-01-1997,16-12-1996
IBP,IBP Company,1:2,04-12-1997,10-01-1997,16-12-1996
ABB,ABB India,1:3,09-12-1997,01-03-1997,16-12-1996
ASIANHOTNR,Asian Hotels,2:5,12-12-1996,16-01-1997,16-12-1996
WHEELS,Wheels,1:1,21-08-1996,03-01-1997,11-12-1996
,Rama Paper Mill,1:2,17-10-1997,02-01-1997,09-12-1996
notScraping,Graviss Hosp,1:1,04-09-1997,01-01-1997,09-12-1996
,FAL Industries,1:2,09-10-1996,29-12-1996,02-12-1996
ORIENTABRA,Orient Abrasive,1:1,30-10-1996,31-12-1996,02-12-1996
ORIENTHOT,Oriental Hotels,1:2,09-08-1996,18-12-1996,25-11-1996
BHARATHOT,Bharat Hotels,1:3,02-09-1996,20-12-1996,25-11-1996
PUNJABTRAC,Punj Tractors,1:1,01-11-1996,16-12-1996,18-11-1996
SWARAJENG,Swaraj Engines,1:1,19-08-1996,16-12-1996,18-11-1996
notScraping,Industrial Inv,1:1,04-07-1987,21-10-1987,18-11-1996
notScraping,Industrial Inv,1:1,25-11-1996,12-12-1996,18-11-1996
notScraping,IVP,1:2,31-10-1996,10-12-1996,10-11-1996
,India Sugars,1:1,25-06-1996,05-12-1996,10-11-1996
WENDT,Wendt,1:1,17-10-1996,04-12-1996,10-11-1996
,Intl Diamond,1:2,31-05-1996,02-12-1996,05-11-1996
GEEKAYEXIM,Geekay Exim,3:4,14-10-1996,02-12-1996,04-11-1996
,Indian Resort,1:1,26-10-1996,02-12-1996,04-11-1996
GUJNRECOKE,Guj NRE Coke,11:10,27-09-1996,26-11-1996,04-11-1996
,Deccan Bearings,3:2,27-09-1996,26-11-1996,04-11-1996
EIHOTEL,EIH,1:2,28-06-1996,15-12-1996,04-11-1996
GUJNREDVR,Guj NRE (DVR),11:10,27-09-1996,26-11-1996,04-11-1996
notScraping,Caprihans,2:5,14-10-1996,25-11-1996,04-11-1996
TRENT,Trent,1:1,21-09-1996,15-11-1996,22-10-1996
SHRIRAMINV,Shriram Inv,1:2,06-09-1996,16-11-1996,22-10-1996
,Hind Everest,2:5,10-06-1996,07-11-1996,14-10-1996
notScraping,Raymond,1:2,04-09-1996,31-10-1996,07-10-1996
ADORWELD,Ador Welding,1:2,22-06-1996,01-11-1996,07-10-1996
PIDILITIND,Pidilite Ind,1:1,01-10-1996,05-11-1996,07-10-1996
ADANIENT,Adani Enterpris,1:1,04-09-1996,01-11-1996,07-10-1996
BLOWPLAST,Blow Plast,1:1,09-09-1996,25-10-1996,30-09-1996
notScraping,PAE,1:2,31-05-1996,24-10-1996,30-09-1996
TORRENTSEC,TorrentPowerSEC,1:5,04-09-1996,28-10-1996,30-09-1996
,Lancor Holdings,3:1,24-07-1996,16-10-1996,23-09-1996
CHEMPLAST,Chemplast Sanma,2:3,07-06-1996,16-10-1996,23-09-1996
NEPCAGRO,NEPC Agro Foods,1:3,22-06-1996,18-10-1996,23-09-1996
SRGINFOTEC,Pan India Corp,1:1,17-07-1996,28-09-1996,09-09-1996
GRINDWELL,Grindwell Norto,1:1,07-08-1996,01-10-1996,02-09-1996
HINDALCO,Hindalco,1:2,10-05-1996,27-09-1996,02-09-1996
ASIANELEC,Asian Electroni,1:1,06-05-1996,01-10-1996,02-09-1996
ENGINVALVE,Engine Valves,1:1,28-06-1996,19-09-1996,19-08-1996
ROLLT,Rollatainers,1:1,04-06-1996,-,09-08-1996
WIDIA,Kennametal,1:1,19-03-1996,31-08-1996,05-08-1996
DATARSWICH,Datar Switchgea,1:1,15-07-1996,-,22-07-1996
NESTLEIND,Nestle,1:2,23-04-1996,13-08-1996,15-07-1996
JINDALPOLY,Jindal PolyFilm,1:1,13-02-1996,01-08-1996,08-07-1996
CADBURY,Cadbury,3:5,02-04-1996,06-08-1996,08-07-1996
notScraping,Navneet,1:2,26-03-1996,23-07-1996,24-06-1996
ACC,ACC,3:5,02-04-1996,06-07-1996,10-06-1996
notScraping,Aarti Drugs,1:2,15-01-1996,11-06-1996,13-05-1996
BALRAMCHIN,Balrampur Chini,3:2,01-03-1996,30-05-1996,30-04-1996
ITIL,Information Tec,2:1,26-03-1996,22-05-1996,30-04-1996
INDIAPHOTO,Kodak India,1:2,28-03-1996,10-05-1996,15-04-1996
TPINDIA,TPI India,3:5,11-03-1996,15-04-1996,18-03-1996
SICAL,Sical Logistics,1:1,30-10-1996,01-04-1996,04-03-1996
,Taparia Tools,1:10,29-02-1996,02-04-1996,04-03-1996
,Blue Circle Ser,2:1,12-02-1996,23-03-1996,19-02-1996
HOGANAS,Hoganas India,1:2,13-12-1995,18-03-1996,19-02-1996
KSB,KSB Pumps,1:1,08-02-1996,22-03-1996,19-02-1996
SUDARSCHEM,Sudarshan Chem,1:2,17-01-1996,04-03-1996,05-02-1996
BANKMADURA,Bank of Madura,3:1,11-01-1996,15-02-1996,30-01-1996
JEYPORE,Jeypore Sugar,1:1,09-11-1995,15-12-1995,30-01-1996
SHRIRAMCIT,Shriram City,1:4,02-01-1996,16-02-1996,25-01-1996
ATCOM,Atcom Tech,1:1,17-01-1996,16-02-1996,22-01-1996
INDIACEM,India Cements,1:1,21-12-1996,16-02-1996,22-01-1996
,G Claridge,2:1,04-01-1996,19-02-1996,22-01-1996
,Intl Conveyor,1:1,15-01-1996,19-02-1996,22-01-1996
,Duncan Eng,1:1,29-11-1996,16-02-1996,22-01-1996
,Skol Breweries,1:1,21-08-1996,25-01-1996,08-01-1996
SOUNDCRAFT,Soundcraft Ind,11:1,19-10-1995,18-01-1996,01-01-1996
FMGOETZE,Federal-Mogul,1:2,23-12-1996,01-02-1996,01-01-1996
AUTORIDFIN,Autoriders Fin,1:2,03-07-1996,16-01-1996,01-01-1996
UPERGANGES,Upper Ganges,1:2,11-07-1998,21-01-1998,29-12-1997
notScraping,Hind Syntex,1:1,24-11-1998,16-01-1998,22-12-1997
,Indian LinkChai,1:1,05-12-1998,13-01-1998,15-12-1997
MOTHERSUMI,Motherson Sumi,1:2,27-11-1997,24-12-1997,01-12-1997
,SAN Engineering,2:5,03-10-1997,24-12-1997,01-12-1997
,Rockland Leasin,2:5,17-10-1997,22-12-1997,24-11-1997
,Aroni Comm,1:2,16-10-1997,20-12-1997,24-11-1997
notScraping,P and G,1:2,24-09-1997,-,19-11-1997
notScraping,Asahi India,1:1,04-10-1997,02-12-1997,27-10-1997
RELIANCE,Reliance,1:1,13-09-1997,29-11-1997,27-10-1997
ALKYLAMINE,Alkyl Amines,1:1,18-09-1997,26-11-1997,27-10-1997
ICDSLTD,ICDS,1:1,20-10-1997,20-11-1997,27-10-1997
GOACARBON,Goa Carbon,1:1,30-09-1997,21-11-1997,20-10-1997
notScraping,Lakshmi Machine,1:1,05-06-1997,-,20-10-1997
KOHINOOR,Kohinoor Foods,2:5,16-10-1997,24-11-1997,20-10-1997
WIPRO,Wipro,2:1,13-09-1997,17-11-1997,20-10-1997
,Swasti Vinayaka,1:2,22-09-1997,18-11-1997,20-10-1997
HERCULES,Hercules Hoists,1:1,13-08-1997,12-11-1997,20-10-1997
notScraping,Bajaj Electric,1:2,25-09-1997,06-11-1997,13-10-1997
KERALACHEM,Nitta Gelatin,1:1,02-09-1997,23-10-1997,29-09-1997
INFOMEDIA,Infomedia Press,1:2,20-09-1997,24-10-1997,29-09-1997
ZANDUREALT,Zandu Realty,1:5,18-09-1997,28-10-1997,29-09-1997
,Century Laminat,1:1,29-05-1997,22-10-1997,29-09-1997
BAJAJHLDNG,Bajaj Holdings,1:2,14-08-1997,10-10-1997,15-09-1997
MAHSCOOTER,Mah Scooters,1:1,08-08-1997,08-10-1997,15-09-1997
notScraping,Century,1:1,06-08-1997,25-09-1997,01-09-1997
notScraping,Guj Lease Fin,1:4,24-07-1997,-,22-08-1997
INFY,Infosys,1:1,18-06-1997,12-09-1997,19-08-1997
ABIRLANUVO,AB Nuvo,1:2,22-07-1997,04-09-1997,04-08-1997
THOMASCOOK,Thomas Cook,2:3,22-07-1997,28-08-1997,04-08-1997
GSKCONS,GlaxoSmith Con,3:5,09-05-1997,22-07-1997,23-06-1997
SOUNDCRAFT,Soundcraft Ind,3:1,08-02-1997,26-03-1997,03-03-1997
PADMINPOLY,Padmini Tech,1:2,31-01-1997,18-03-1997,17-02-1997
SILTAPCHEM,Siltap Chemical,1:2,01-01-1997,10-02-1997,13-01-1997
MIRZAINT,Mirza Intl,1:1,24-12-1997,30-01-1997,06-01-1997
SB&TINTL,SBandT Intl,1:1,30-11-1999,06-01-1999,14-12-1998
,Srinivasa Hatch,1:2,06-10-1998,01-01-1999,07-12-1998
,Srinivasa Hatch,1:2,06-11-1999,01-01-1999,07-12-1998
RANBAXY,Ranbaxy Labs,1:1,11-11-1998,16-12-1998,01-12-1998
,Dolat Investmen,1:1,17-11-1998,19-12-1998,23-11-1998
,Invest and Prec,1:1,25-09-1998,27-11-1998,02-11-1998
AUROPHARMA,Aurobindo Pharm,1:1,08-10-1998,19-11-1998,26-10-1998
,Hind Everest,2:5,06-10-1998,16-11-1998,19-10-1998
BERGEPAINT,Berger Paints,1:1,07-10-1998,12-11-1998,19-10-1998
NIPPOBATRY,Indo-National,1:1,03-09-1998,28-10-1998,05-10-1998
notScraping,JB Chemicals,1:1,29-08-1998,30-10-1998,05-10-1998
TRIGYN,Trigyn Tech,1:1,03-09-1998,22-10-1998,28-09-1998
notScraping,Munjal Showa,1:1,11-09-1998,24-10-1998,28-09-1998
notScraping,BASF,1:2,17-08-1998,20-10-1998,21-09-1998
JAYSREETEA,Jayshree Tea,1:1,09-07-1998,15-09-1998,17-08-1998
,Trinity Bio-Tec,1:10,04-08-1998,15-09-1998,17-08-1998
ABBOTINDIA,Abbott India,1:1,10-08-1998,20-09-1998,17-08-1998
HEROMOTOCO,Hero Motocorp,1:1,04-08-1998,07-09-1998,10-08-1998
SANGHIIND,Sanghi Ind,2:1,30-07-1998,01-09-1998,03-08-1998
VLSFINANCE,VLS Finance,1:1,08-06-1998,18-07-1998,22-06-1998
HINDLEVCHM,Hind Lever Chem,1:1,11-06-1998,16-07-1998,22-06-1998
notScraping,Hexaware Tech,1:1,10-02-1998,09-07-1998,15-06-1998
SMITHKLPHA,SmithKline Phar,1:1,07-04-1998,07-07-1998,08-06-1998
PAREKHPLAT,Parekh Platinum,1:1,06-04-1998,30-06-1998,01-06-1998
ATNINTER,ATN Int,3:2,27-03-1998,07-05-1998,13-04-1998
MAWANASUG,Mawana Sugars,1:5,04-03-1998,30-04-1998,06-04-1998
BANARBEADS,Banaras Beads,1:10,13-02-1998,01-04-1998,09-03-1998
,Chadha Paper,40:100,12-02-1998,26-03-1998,02-03-1998
UGARSUGAR,Ugar Sugar Work,1:5,06-01-1998,-,19-01-1998
notScraping,Donear Ind,1:1,02-12-1997,16-02-1998,19-01-1998
,SIP Industries,3:5,07-01-1998,04-02-1998,12-01-1998
notScraping,Ambuja Cements,1:1,08-10-1999,04-01-2000,20-12-1999
MASTEK,Mastek,1:1,29-07-1999,23-12-1999,29-11-1999
IVRCLINFRA,IVRCL,1:1,15-11-1999,22-12-1999,29-11-1999
MAARSOFTW,Maars Software,1:1,11-11-1999,15-12-1999,22-11-1999
BANCOINDIA,Banco Products,1:1,03-11-1999,15-12-1999,22-11-1999
KHAITANELE,Khaitan Elec,2:5,14-09-1999,10-12-1999,15-11-1999
ENGINERSIN,EngineersInd,2:1,01-12-1999,01-12-1999,07-11-1999
ENGINERSIN,EngineersInd,2:1,12-08-1999,01-12-1999,07-11-1999
ADANIENT,Adani Enterpris,1:1,01-08-1999,29-11-1999,01-11-1999
CIPLA,Cipla,2:1,07-10-1999,05-11-1999,18-10-1999
notScraping,HPCL,1:2,30-07-1999,29-10-1999,11-10-1999
BRITANNIA,Britannia,1:2,26-05-1999,12-10-1999,27-09-1999
,Anuh Pharma,1:1,03-07-1999,16-10-1999,23-09-1999
IOC,IOC,1:1,17-06-1999,14-10-1999,20-09-1999
CLARIANT,Clariant India,1:2,25-05-1999,11-10-1999,20-09-1999
HIMATSEIDE,Himatsingka Sei,1:1,03-08-1999,01-10-1999,06-09-1999
ARCHIES,Archies,1:1,26-07-1999,15-09-1999,24-08-1999
PENTSFWARE,Pentamedia,1:1,20-07-1999,01-09-1999,16-08-1999
SATYAMCOMP,Mahindra Satyam,1:1,20-07-1999,01-09-1999,16-08-1999
ITIL,Information Tec,1:1,26-07-1999,-,09-08-1999
FINCABLES,Finolex Cables,1:1,26-07-1999,26-08-1999,02-08-1999
,Nicco Uco Fin,1:7,15-07-1999,-,15-07-1999
VSTTILLERS,VST Tillers,1:2,26-07-1999,-,12-07-1999
BALAJIDIST,Balaji Distill,1:1,05-06-1999,-,12-07-1999
CASTROLIND,Castrol,1:1,09-04-1999,01-06-1999,17-05-1999
SOUNDCRAFT,Soundcraft Ind,1:3,26-02-1999,-,26-04-1999
BALAJIIND,Balaji Ind Corp,1:2,05-04-1999,05-05-1999,13-04-1999
PVP,PVP Ventures,1:1,24-02-1999,16-04-1999,22-03-1999
VATSMUSC,Vatsa Music,7:1,08-03-1999,31-03-1999,09-03-1999
NIITLTD,NIIT,1:2,17-02-1999,26-03-1999,27-02-1999
INFY,Infosys,1:1,25-01-1999,05-03-1999,08-02-1999
INDNIPPON,India Nippon,8:5,01-12-1998,-,02-02-1999
ESSELPACK,Essel Propack,3:5,11-12-2000,06-01-2001,26-12-2000
BPCL,BPCL,1:1,28-09-2000,05-01-2001,18-12-2000
,Sri Sarita Synt,1:20,20-10-2000,01-01-2001,18-12-2000
,Shreejal Info,2:1,25-10-2000,27-12-2000,04-12-2000
SILTAPCHEM,Siltap Chemical,1:2,27-07-2000,12-12-2000,27-11-2000
ROOFITIND,Roofit Ind,1:1,28-08-2000,15-12-2000,27-11-2000
BLUECHIP,Blue Chip,2:5,30-09-2000,16-12-2000,20-11-2000
MOTHERSUMI,Motherson Sumi,1:2,21-07-2000,30-11-2000,15-11-2000
COCHINREFN,Kochi Refin,1:1,28-08-2000,01-12-2000,13-11-2000
TATACOMM,Tata Comm,2:1,28-07-2000,-,26-10-2000
MICRO,Micro Inks,1:1,26-07-2000,14-11-2000,26-10-2000
notScraping,Gufic Bio,5:2,04-10-2000,-,19-10-2000
HITECHGEAR,The Hi-Tech Gea,1:1,15-06-2000,31-10-2000,16-10-2000
STRAUSIND,Luminaire Tech,2:1,04-07-2000,25-10-2000,04-10-2000
HOGANAS,Hoganas India,1:2,23-05-2000,18-10-2000,03-10-2000
GATI,Gati,1:2,13-09-2000,-,25-09-2000
WIDIA,Kennametal,1:1,28-08-2000,04-10-2000,18-09-2000
ELECTCAST,Electrosteel,1:1,25-05-2000,28-09-2000,13-09-2000
ORIENTBELL,Orient Bell,1:1,11-04-2000,26-09-2000,04-09-2000
HIKAL,Hikal,1:1,13-05-2000,-,23-08-2000
VISUALSOFT,Visualsoft,2:1,21-04-2000,-,09-08-2000
ASIANPAINT,Asian Paints,3:5,30-05-2000,-,02-08-2000
ELGIEQUIP,Elgi Equipments,1:1,26-05-2000,-,02-08-2000
PUNJABTRAC,Punj Tractors,2:1,05-06-2000,05-08-2000,24-07-2000
CADBURY,Cadbury,1:2,25-05-2000,04-07-2000,19-06-2000
PFIZER,Pfizer,1:1,25-05-2000,28-06-2000,12-06-2000
THOMASCOOK,Thomas Cook,2:3,16-05-2000,20-06-2000,05-06-2000
PIDILITIND,Pidilite Ind,1:1,27-01-2000,-,05-06-2000
VLSFINANCE,VLS Finance,2:1,11-05-2000,-,11-05-2000
,Mascon Global,3:1,25-04-2000,30-05-2000,08-05-2000
MFSL,Max Financial,1:1,08-04-2000,27-05-2000,08-05-2000
notScraping,Hexaware Tech,1:1,26-04-2000,16-05-2000,02-05-2000
,Dolat Investmen,1:1,27-04-2000,18-05-2000,02-05-2000
BSELINFRA,BSEL Infra,1:1,28-03-2000,02-05-2000,03-04-2000
notScraping,Unichem Labs,1:1,29-03-2000,20-04-2000,03-04-2000
KHANDSE,Khandwala Sec,1:1,19-01-2000,26-04-2000,03-04-2000
LAKSHMIEFL,Lakshmi Energy,1:1,22-03-2000,25-04-2000,27-03-2000
notScraping,Sterling Intl,5:1,11-01-2000,-,22-03-2000
AUROPHARMA,Aurobindo Pharm,1:1,22-02-2000,01-04-2000,07-03-2000
notScraping,Sun Pharma,2:1,09-02-2000,23-03-2000,06-03-2000
MIRZAINT,Mirza Intl,1:1,21-02-2000,22-03-2000,28-02-2000
notScraping,Cybertech,5:4,15-02-2000,11-03-2000,25-02-2000
JMCPROJECT,JMC Projects,1:2,02-12-2000,22-02-2000,07-02-2000
,RSL Ind,1:1,28-01-2000,16-02-2000,02-02-2000
,Jaipan Inds,1:1,16-08-2001,-,10-12-2001
notScraping,Onward Tech,3:2,03-09-2001,05-12-2001,20-11-2001
notScraping,Patel Eng,1:2,22-05-2001,30-11-2001,13-11-2001
,Washington,1:2,13-07-2001,28-11-2001,09-11-2001
AMRUTANJAN,Amrutanjan Heal,1:1,11-08-2001,16-11-2001,29-10-2001
,Otco Intl,2:1,13-06-2001,31-10-2001,16-10-2001
VENKEYS,Venkys,1:3,29-05-2001,25-10-2001,10-10-2001
PARACABLES,Paramount Comm,2:5,30-07-2001,05-10-2001,20-09-2001
,JJ Exporters,1:2,11-06-2001,01-10-2001,17-09-2001
NUCLEUS,Nucleus Softwar,1:2,21-08-2001,01-10-2001,17-09-2001
INFOMEDIA,Infomedia Press,1:2,14-06-2001,13-09-2001,29-08-2001
,Eonour Tech,2:1,07-07-2001,19-09-2001,27-08-2001
notScraping,Asahi India,1:1,26-05-2001,01-09-2001,14-08-2001
SURANAT&P,Surana Telecom,3:2,09-03-2001,31-08-2001,13-08-2001
notScraping,Blue Dart,1:1,08-05-2001,28-08-2001,13-08-2001
notScraping,Monsanto India,1:1,22-05-2001,31-08-2001,13-08-2001
POLARIS,Polaris Consult,1:2,21-04-2001,19-07-2001,04-07-2001
MMWL,Media Matrix,2:1,23-04-2001,29-06-2001,18-06-2001
,DSP Merrill,1:1,22-01-2001,-,30-03-2001
notScraping,Centrum Capital,2:1,13-12-2000,17-04-2001,27-03-2001
notScraping,Grauer and Weil,1:1,23-12-2000,02-04-2001,19-03-2001
IDBI,IDBI Bank,3:5,20-12-2000,26-02-2001,12-02-2001
GEOJITFSL,Geojit Fin,1:1,11-12-2000,01-03-2001,12-02-2001
IDBIMFDIV,IDBI Div 95,3:5,20-12-2000,26-02-2001,12-02-2001
RELAXO,Relaxo Footwear,1:1,23-08-2000,-,09-02-2001
SUNEARTH,Sun Earth Ceram,1:1,25-01-2001,20-02-2001,05-02-2001
,Jaipan Inds,1:5,11-08-2000,15-02-2001,24-01-2001
CLASSIC,Classic Diamond,1:1,04-07-2002,23-12-2002,19-12-2002
HDFC,HDFC,1:1,17-10-2002,16-12-2002,12-12-2002
INDNIPPON,India Nippon,7:10,28-10-2002,16-12-2002,12-12-2002
AMTEKAUTO,Amtek Auto,1:1,21-08-2002,06-12-2002,04-12-2002
notScraping,Sadhana Nitro,2:5,30-07-2002,05-12-2002,03-12-2002
notScraping,GMM Pfaudler,1:2,12-07-2002,04-12-2002,02-12-2002
VAIBHAVGBL,Vaibhav Global,1:1,04-09-2002,02-12-2002,28-11-2002
notScraping,Linkhouse Ind,1:1,30-09-2002,18-11-2002,14-11-2002
VALECHAENG,Valecha Engg,1:2,19-08-2002,12-11-2002,08-11-2002
notScraping,Grauer and Weil,1:1,21-05-2002,11-11-2002,07-11-2002
,Machino Plastic,1:1,01-07-2002,29-10-2002,25-10-2002
KTKBANK,Karnataka Bank,1:1,23-08-2002,29-10-2002,25-10-2002
VISIONLTD,Vision Organics,1:1,14-08-2002,28-10-2002,24-10-2002
,Matra Realty,1:2,08-07-2002,08-11-2002,21-10-2002
KARURVYSYA,Karur Vysya,1:1,01-04-2002,28-10-2002,21-10-2002
PENTACOMMU,Pentasoft Tech,2:10,16-05-2002,16-10-2002,11-10-2002
RANBAXY,Ranbaxy Labs,3:5,18-07-2002,04-10-2002,01-10-2002
KOKUYOCMLN,Kokuyo Camlin,1:1,17-07-2002,01-10-2002,26-09-2002
PENTSFWARE,Pentamedia,1:10,24-04-2002,27-09-2002,25-09-2002
,Doctor Biotech,1:1,08-07-2002,-,23-09-2002
ARVINDREM,Arvind Remedies,5:2,26-08-2002,-,23-09-2002
SANWARIA,Sanwaria Consum,1:5,21-08-2002,20-09-2002,18-09-2002
ETPCORP,ETP Corporation,1:1,04-07-2002,-,18-09-2002
,White Lion Asia,5:1,06-06-2002,-,17-09-2002
,Hindustan Housi,3:1,31-05-2002,27-09-2002,06-09-2002
notScraping,Goldiam Inter,1:1,04-05-2002,02-09-2002,29-08-2002
CYIENT,Cyient,1:1,24-04-2002,23-08-2002,21-08-2002
TORRENTSEC,TorrentPowerSEC,1:1,15-05-2002,22-08-2002,20-08-2002
notScraping,Marico,1:1,18-04-2002,19-08-2002,14-08-2002
,Kaashyap Tech,4:10,14-03-2002,17-08-2002,13-08-2002
OMAXAUTO,Omax Autos,5:1,31-05-2002,16-08-2002,13-08-2002
,T Spirutual,1:1,11-04-2002,04-07-2002,02-07-2002
RICOAUTO,Rico Auto,1:1,31-01-2002,27-03-2002,13-03-2002
,Shiva Cement,1:2,07-12-2001,12-02-2002,30-01-2002
MPSLTD,MPS,1:1,26-07-2001,18-01-2002,02-01-2002
REIAGROLTD,Rei Agro,1:1,27-10-2003,29-12-2003,26-12-2003
,Bilcare,2:1,22-10-2003,15-12-2003,12-12-2003
notScraping,P and G,1:2,08-09-2003,11-12-2003,10-12-2003
LGBBROSLTD,LG Balakrishnan,1:1,22-10-2003,17-12-2003,09-12-2003
MOSERBAER,Moser Baer,1:1,22-09-2003,28-11-2003,27-11-2003
OPTOCIRCUI,Opto Circuits,2:10,26-06-2003,11-11-2003,10-11-2003
,National Flask,1:1,06-09-2003,01-11-2003,30-10-2003
,GG Auto Gears,2:3,24-07-2003,17-10-2003,16-10-2003
,Vishnu Sugar,3:1,04-07-2003,23-10-2003,06-10-2003
HIKAL,Hikal,1:2,14-07-2003,01-10-2003,29-09-2003
THERMAX,Thermax,2:1,29-05-2003,09-09-2003,08-09-2003
notScraping,Oracle Fin Serv,1:1,01-07-2003,08-09-2003,05-09-2003
notScraping,Grauer and Weil,1:2,16-06-2003,05-09-2003,04-09-2003
,Vyapar Ind,4:1,30-06-2003,-,04-09-2003
WENDT,Wendt,1:1,24-07-2003,05-09-2003,04-09-2003
ASIANPAINT,Asian Paints,1:2,28-05-2003,25-08-2003,22-08-2003
IOC,IOC,1:2,06-06-2003,18-08-2003,14-08-2003
notScraping,Mirc Electronic,1:1,29-05-2003,-,13-08-2003
,Solitaire Invt,7:1,27-05-2003,29-08-2003,12-08-2003
EXIDEIND,Exide Ind,1:1,25-04-2003,-,03-07-2003
MPHASIS,MphasiS,1:1,17-04-2003,03-07-2003,02-07-2003
,Orissa Sponge,1:10,20-03-2003,-,16-06-2003
GUJNRECOKE,Guj NRE Coke,1:2,20-09-2002,30-05-2003,29-05-2003
GUJNREDVR,Guj NRE (DVR),1:2,20-09-2002,30-05-2003,29-05-2003
,National Stand,3:2,26-04-2003,-,26-05-2003
notScraping,Jayant Agro-Org,1:1,30-01-2003,04-04-2003,31-03-2003
COSMOFILMS,Cosmo Films,1:1,16-01-2003,24-03-2003,20-03-2003
,ATN Telefilms,1:5,05-07-2002,18-03-2003,13-03-2003
DSSL,Dynacons Sys,1:1,23-12-2002,24-02-2003,20-02-2003
,Empower India,9:1,11-12-2002,-,03-02-2003
,Anand Projects,4:3,20-11-2002,01-02-2003,14-01-2003
OPTOCIRCUI,Opto Circuits,1:10,29-06-2002,16-01-2003,14-01-2003
,IndiaNivesh,1:1,20-11-2002,01-02-2003,14-01-2003
TALBROAUTO,Talbros Auto,5:2,16-11-2004,30-12-2004,29-12-2004
,Jetking Info,1:1,25-08-2004,-,13-12-2004
FEDERALBNK,Federal Bank,2:1,07-06-2004,30-11-2004,29-11-2004
ERAINFRA,Era Infra Eng,1:2,28-08-2004,10-11-2004,09-11-2004
HELIOSMATH,Helios and Mat,1:1,16-08-2004,29-10-2004,28-10-2004
AROGRANITE,Aro Granite,1:2,24-07-2004,29-10-2004,28-10-2004
VENLONPOLY,Venlon Polyeste,8:10,01-07-2004,03-11-2004,27-10-2004
notScraping,Patel Eng,1:1,16-08-2004,01-11-2004,25-10-2004
UCALFUEL,UCAL Fuel,1:1,19-07-2004,26-10-2004,25-10-2004
ZANDUREALT,Zandu Realty,1:2,04-08-2004,25-10-2004,21-10-2004
notScraping,Donear Ind,1:1,02-08-2004,21-10-2004,20-10-2004
OPTOCIRCUI,Opto Circuits,3:10,29-06-2004,21-10-2004,20-10-2004
SIPAPER,South (I) Paper,1:1,10-08-2004,27-10-2004,14-10-2004
,Jaybharat Text,31:10,29-06-2004,25-10-2004,12-10-2004
,Hindoostan Mill,1:2,28-06-2004,15-10-2004,01-10-2004
SUBROS,Subros,1:1,28-04-2004,25-09-2004,23-09-2004
PUNJABCHEM,Punjab Chemical,1:1,25-05-2004,-,22-09-2004
ORIENTABRA,Orient Abrasive,1:1,11-06-2004,15-09-2004,14-09-2004
TIFIN,TI Financial,1:1,09-06-2004,01-09-2004,31-08-2004
,Invest and Prec,1:1,24-04-2004,30-08-2004,27-08-2004
KOTAKBANK,Kotak Mahindra,1:1,25-05-2004,26-08-2004,25-08-2004
INFOMEDIA,Infomedia Press,1:1,25-05-2004,23-08-2004,19-08-2004
NEXTMEDIA,Next Mediaworks,1:4,10-05-2004,18-08-2004,17-08-2004
KANSAINER,Kansai Nerolac,2:3,30-04-2004,16-08-2004,13-08-2004
TATASTEEL,Tata Steel,1:2,07-06-2004,12-08-2004,11-08-2004
NUCLEUS,Nucleus Softwar,1:1,24-04-2004,09-08-2004,06-08-2004
GEOMETRIC,Geometric,1:1,26-04-2004,03-08-2004,02-08-2004
SHANTIGEAR,Shanthi Gears,1:1,24-05-2004,03-08-2004,27-07-2004
JAGSNPHARM,JagsonpalPharma,3:1,30-04-2004,28-07-2004,20-07-2004
notScraping,Shahi Shipping,1:1,29-04-2004,15-07-2004,14-07-2004
INFY,Infosys,3:1,13-04-2004,02-07-2004,01-07-2004
WIPRO,Wipro,2:1,16-04-2004,28-06-2004,25-06-2004
BSELINFRA,BSEL Infra,4:5,20-01-2004,10-06-2004,09-06-2004
,Gravity India,1:2,01-03-2004,31-05-2004,28-05-2004
notScraping,Sun Pharma,1:1,21-04-2004,29-05-2004,27-05-2004
MPHASIS,MphasiS,1:1,08-04-2004,27-05-2004,26-05-2004
notScraping,Marico,1:1,15-03-2004,07-05-2004,06-05-2004
FDC,FDC,1:1,24-02-2004,30-04-2004,29-04-2004
notScraping,Wockhardt,1:2,12-02-2004,-,28-04-2004
GUJNRECOKE,Guj NRE Coke,1:2,18-10-2003,21-04-2004,20-04-2004
GUJNREDVR,Guj NRE (DVR),1:2,18-10-2003,21-04-2004,20-04-2004
,T Spirutual,1:1,16-01-2004,08-04-2004,07-04-2004
EMAMILTD,Emami,1:1,05-01-2004,30-03-2004,26-03-2004
ALEMBICLTD,Alembic,2:1,12-02-2004,27-03-2004,25-03-2004
BERGEPAINT,Berger Paints,1:2,30-01-2004,25-03-2004,24-03-2004
SUPRAJIT,Suprajit Eng,1:1,20-01-2004,23-03-2004,16-03-2004
notScraping,Unichem Labs,1:1,30-01-2004,24-03-2004,16-03-2004
JUBILANT,Jubilant Life,3:5,03-02-2004,15-03-2004,12-03-2004
notScraping,Haria Exports,2:5,07-01-2004,11-03-2004,10-03-2004
XPROINDIA,Xpro India,3:10,15-12-2003,27-02-2004,26-02-2004
SOUNDCRAFT,Soundcraft Ind,2:1,05-12-2003,24-02-2004,23-02-2004
STER,Sterlite Ind,1:1,24-12-2003,09-02-2004,06-02-2004
KABRAEXTRU,Kabra Extrusion,1:1,12-11-2003,20-01-2004,19-01-2004
BALKRISIND,Balkrishna Ind,1:1,30-10-2003,12-01-2004,09-01-2004
JINDRILL,Jindal Drilling,1:1,22-10-2003,02-01-2004,01-01-2004
PHOENIXLTD,Phoenix Mills,4:1,01-09-2005,16-12-2005,09-12-2005
FAZETHREE,Faze Three Exp,3:2,13-10-2005,25-11-2005,24-11-2005
notScraping,Crest Ventures,1:2,25-07-2005,16-11-2005,14-11-2005
MPHASIS,MphasiS,1:1,11-04-2005,14-11-2005,11-11-2005
STERTOOLS,Sterling Tools,1:1,29-08-2005,11-11-2005,10-11-2005
CRANESSOFT,Cranes Software,1:1,28-06-2005,11-11-2005,02-11-2005
notScraping,Linkhouse Ind,1:1,11-07-2005,11-11-2005,02-11-2005
JINDWORLD,Jindal Worldwid,3:1,08-09-2005,31-10-2005,28-10-2005
,Suryalata Spg,1:2,20-07-2005,31-10-2005,28-10-2005
HELIOSMATH,Helios and Mat,1:1,25-07-2005,29-10-2005,27-10-2005
,Indo Pacific,1:1,11-07-2005,07-11-2005,26-10-2005
ZODIACLOTH,Zodiac Clothing,1:1,05-07-2005,25-10-2005,24-10-2005
GANGOTRI,Gangotri Textil,1:1,25-08-2005,31-10-2005,24-10-2005
ASHCONIUL,Ashco Niulab,3:1,16-08-2005,21-10-2005,20-10-2005
GULFPETRO,GP Petroleums,3:5,22-08-2005,21-10-2005,20-10-2005
KIRLOSBROS,Kirloskar Bros,2:1,18-07-2005,18-10-2005,17-10-2005
,Ontrack Systems,1:2,29-07-2005,21-10-2005,14-10-2005
HIMATSEIDE,Himatsingka Sei,1:1,07-09-2005,21-10-2005,14-10-2005
notScraping,Pioneer,1:2,24-06-2005,17-10-2005,14-10-2005
SANWARIA,Sanwaria Consum,1:4,21-07-2005,14-10-2005,13-10-2005
LIBERTSHOE,Liberty Shoes,1:1,18-07-2005,14-10-2005,13-10-2005
SURYALAXMI,Suryalakshmi Co,1:1,21-06-2005,12-10-2005,10-10-2005
ULTRMARINE,Ultramarine,3:5,02-08-2005,18-10-2005,10-10-2005
ASTRAMICRO,Astra Microwave,1:1,25-07-2005,15-10-2005,07-10-2005
DCMSHRIRAM,DCM Shriram,1:1,17-08-2005,17-10-2005,07-10-2005
,Promact Impex,1:5,23-06-2005,06-10-2005,05-10-2005
BLISSGVS,Bliss GVS,2:5,25-07-2005,01-10-2005,28-09-2005
METALFORGE,Metalyst Forgin,2:1,10-08-2005,24-09-2005,22-09-2005
ITC,ITC,1:2,17-06-2005,28-09-2005,21-09-2005
notScraping,Grauer and Weil,1:4,30-06-2005,20-09-2005,19-09-2005
VTL,Vardhman Text,1:2,17-06-2005,16-09-2005,15-09-2005
ORCHIDPHAR,Orchid Pharma,1:2,18-07-2005,17-09-2005,15-09-2005
HIRECT,Hind Rectifiers,1:2,21-06-2005,14-09-2005,13-09-2005
notScraping,Asahi India,1:1,24-05-2005,02-09-2005,01-09-2005
M&M,M&M,1:1,14-06-2005,02-09-2005,01-09-2005
ZFSTEERING,ZF Steering Gea,1:1,28-05-2005,31-08-2005,30-08-2005
notScraping,Indian Hume,2:3,27-06-2005,30-08-2005,29-08-2005
notScraping,Vishal Exports,2:1,15-06-2005,26-08-2005,25-08-2005
,Aeonian Pub,3:1,10-06-2005,01-09-2005,25-08-2005
KOTAKBANK,Kotak Mahindra,3:2,07-06-2005,26-08-2005,25-08-2005
notScraping,Goldiam Inter,1:1,07-05-2005,26-08-2005,25-08-2005
,Diana Tea,3:2,14-07-2005,25-08-2005,24-08-2005
TATAINVEST,Tata Inv Corp,1:2,15-06-2005,23-08-2005,22-08-2005
WIPRO,Wipro,1:1,22-04-2005,23-08-2005,22-08-2005
BALKRISIND,Balkrishna Ind,1:2,16-05-2005,22-08-2005,19-08-2005
PRAJIND,Praj Industries,1:1,17-06-2005,24-08-2005,17-08-2005
OPTOCIRCUI,Opto Circuits,5:10,09-05-2005,17-08-2005,16-08-2005
SWARAJENG,Swaraj Engines,2:1,20-06-2005,16-08-2005,12-08-2005
HAVELLS,Havells India,1:1,12-05-2005,06-08-2005,04-08-2005
notScraping,Gujarat Apollo,1:1,05-05-2005,04-08-2005,03-08-2005
,Jaybharat Text,9:1,27-04-2005,12-08-2005,29-07-2005
,Swasti Vinayaka,3:5,27-05-2005,19-07-2005,18-07-2005
,KSL & Ind,2:1,28-04-2005,15-07-2005,14-07-2005
UGARSUGAR,Ugar Sugar Work,3:5,28-03-2005,06-07-2005,29-06-2005
,Eltrol,3:1,28-04-2005,01-07-2005,29-06-2005
CARBORUNIV,Carborundum,1:1,27-04-2005,-,23-06-2005
COREEDUTEC,CORE Education,12:1,19-04-2005,21-06-2005,20-06-2005
notScraping,Ambuja Cements,1:2,19-04-2005,25-06-2005,20-06-2005
TRIVENI,Triveni Engg,3:2,18-04-2005,-,13-06-2005
notScraping,Alpha Hi-Tech,1:6,28-01-2005,05-05-2005,04-05-2005
,Amit Intern,1:2,28-01-2005,29-04-2005,28-04-2005
,Vijay Textiles,2:1,24-02-2005,26-04-2005,25-04-2005
RUCHINFRA,Ruchinfra,3:1,08-03-2005,29-04-2005,21-04-2005
SOUISPAT,Southern Ispat,1:8,25-02-2005,15-04-2005,13-04-2005
ANSALAPI,Ansal Propertie,1:2,25-01-2005,01-04-2005,30-03-2005
GEOJITFSL,Geojit Fin,1:1,30-01-2005,30-03-2005,29-03-2005
HITECHGEAR,The Hi-Tech Gea,1:1,24-01-2005,17-03-2005,16-03-2005
,Shivalik Bimeta,1:1,31-01-2005,22-03-2005,15-03-2005
SUMEETINDS,Sumeet Ind,1:2,24-01-2005,15-03-2005,14-03-2005
GLENMARK,Glenmark,1:1,06-01-2005,-,04-03-2005
,TechNVision,10:1,15-01-2005,14-03-2005,02-03-2005
MOTHERSUMI,Motherson Sumi,1:2,07-01-2005,26-02-2005,24-02-2005
,Marsons,1:2,04-01-2005,23-02-2005,22-02-2005
,Vyapar Ind,7:2,16-12-2004,21-02-2005,18-02-2005
notScraping,Geodesic,1:1,07-01-2005,25-02-2005,18-02-2005
IRCON,Ircon Internati,1:1,26-10-2004,-,18-02-2005
IMPAL,Ind Motor Parts,1:1,30-11-2004,18-02-2005,16-02-2005
MMFL,MM Forgings,1:1,13-12-2004,17-02-2005,16-02-2005
VEDL,Vedanta,1:1,17-12-2004,17-02-2005,16-02-2005
GUJNRECOKE,Guj NRE Coke,1:1,09-11-2004,10-02-2005,09-02-2005
GUJNREDVR,Guj NRE (DVR),1:1,09-11-2004,10-02-2005,09-02-2005
notScraping,Aarti Ind,2:1,29-12-2004,10-02-2005,09-02-2005
notScraping,Ipca Labs,1:1,27-10-2004,31-01-2005,28-01-2005
AFTEK,Aftek,1:2,27-11-2004,28-01-2005,27-01-2005
MATRIXLABS,Matrix Lab,1:1,26-10-2004,20-01-2005,13-01-2005
HSIL,HSIL,2:3,28-10-2004,06-01-2005,05-01-2005
notScraping,Hazoor,1:1,05-10-2006,-,28-12-2006
CGPOWER,CG Power ,2:5,14-10-2006,15-12-2006,14-12-2006
,Brady and Morri,1:1,23-09-2006,15-12-2006,14-12-2006
HINDDORROL,Hind Dorr-Olive,1:5,01-06-2006,24-11-2006,23-11-2006
TERASOFT,Tera Software,1:4,28-08-2006,-,23-11-2006
ARSHIYA,Arshiya,3:2,16-09-2006,21-11-2006,20-11-2006
LAKSHVILAS,Lakshmi Vilas,1:2,06-07-2006,24-11-2006,17-11-2006
,Minal Ind,19:5,01-08-2005,15-11-2006,14-11-2006
SUPREMEIND,Supreme Ind,1:1,01-08-2006,14-11-2006,13-11-2006
,Maha ShreeUmaid,1:1,31-07-2006,10-11-2006,09-11-2006
,Sukhjit Starch,1:1,20-07-2006,-,08-11-2006
,Mah Corporation,5:3,14-08-2006,06-11-2006,03-11-2006
,Jeet Machine,7:1,04-09-2006,15-11-2006,02-11-2006
,Subway Finance ,7:2,04-07-2006,15-11-2006,02-11-2006
JAGRAN,JagranPrakashan,1:5,29-07-2006,03-11-2006,02-11-2006
OPTOCIRCUI,Opto Circuits,1:1,13-06-2006,31-10-2006,30-10-2006
ONGC,ONGC,1:2,26-07-2006,30-10-2006,27-10-2006
TRICOM,Tricom India,1:1,21-06-2006,27-10-2006,26-10-2006
SIYSIL,Siyaram Silk,1:2,12-06-2006,20-10-2006,19-10-2006
,Vishnu Sugar,1:1,31-07-2006,27-10-2006,13-10-2006
AVTNPL,AVT Natural,1:1,29-07-2006,13-10-2006,12-10-2006
BERGEPAINT,Berger Paints,3:5,06-06-2006,13-10-2006,12-10-2006
SATYAMCOMP,Mahindra Satyam,1:1,21-04-2006,10-10-2006,09-10-2006
LT,Larsen,1:1,07-06-2006,29-09-2006,28-09-2006
GUJNRECOKE,Guj NRE Coke,1:1,03-06-2006,29-09-2006,28-09-2006
GUJNREDVR,Guj NRE (DVR),1:1,03-06-2006,29-09-2006,28-09-2006
LAOPALA,La Opala RG,1:1,02-08-2006,26-09-2006,25-09-2006
,Swasti Vinayaka,1:2,29-07-2006,26-09-2006,25-09-2006
JAYBARMARU,Jay BharatMarut,1:1,01-08-2006,26-09-2006,25-09-2006
ALPSINDUS,Alps Industries,1:1,29-04-2006,-,22-09-2006
NCC,NCC,1:1,29-05-2006,21-09-2006,20-09-2006
HERCULES,Hercules Hoists,1:1,31-05-2006,15-09-2006,14-09-2006
JTEKTINDIA,JTEKT India ,1:1,20-04-2006,15-09-2006,14-09-2006
EIHOTEL,EIH,1:2,31-05-2006,19-09-2006,12-09-2006
,Cheviot Company,1:2,19-06-2006,12-09-2006,11-09-2006
KSOILS,KS Oils,1:1,29-04-2006,11-09-2006,08-09-2006
BHAGYANGR,Bhagyanagar Ind,1:1,13-06-2006,08-09-2006,07-09-2006
NESCO,NESCO,1:1,12-06-2006,05-09-2006,04-09-2006
CADILAHC,Cadila Health,1:1,28-04-2006,31-08-2006,30-08-2006
DRREDDY,Dr Reddys Labs,1:1,31-05-2006,29-08-2006,28-08-2006
,Invest and Prec,3:1,02-05-2006,25-08-2006,24-08-2006
,Precision Elec,3:2,26-06-2006,22-08-2006,21-08-2006
COREEDUTEC,CORE Education,2:1,07-06-2006,18-08-2006,17-08-2006
BANSWRAS,Banswara Syntex,1:2,11-05-2006,18-08-2006,17-08-2006
notScraping,Lupin,1:1,17-05-2006,14-08-2006,11-08-2006
,Prism Info,2:1,06-06-2006,21-08-2006,09-08-2006
,Anuh Pharma,1:1,29-04-2006,07-08-2006,31-07-2006
UBHOLDINGS,UB Holdings,1:1,28-04-2006,31-07-2006,28-07-2006
TCS,TCS,1:1,17-04-2006,31-07-2006,28-07-2006
CYIENT,Cyient,1:2,19-04-2006,04-08-2006,28-07-2006
HAVELLS,Havells India,1:1,18-05-2006,21-07-2006,20-07-2006
KARURVYSYA,Karur Vysya,1:1,25-05-2006,-,19-07-2006
INFY,Infosys,1:1,14-04-2006,14-07-2006,13-07-2006
BIRLAMONEY,AB Money,1:1,03-05-2006,-,12-07-2006
,KSL & Ind,1:5,02-05-2006,08-07-2006,06-07-2006
,Jaybharat Text,15:10,04-05-2006,07-07-2006,06-07-2006
ATLASCOPCO,Atlas Copco,1:1,28-04-2006,27-06-2006,26-06-2006
notScraping,ILandFS,1:2,04-04-2006,27-06-2006,23-06-2006
UNITECH,Unitech,12:1,12-05-2006,30-06-2006,23-06-2006
GRINDWELL,Grindwell Norto,1:1,06-03-2006,02-06-2006,26-05-2006
NATPEROXID,National Perox,3:2,22-02-2006,02-06-2006,26-05-2006
STER,Sterlite Ind,1:1,10-02-2006,12-05-2006,05-05-2006
CIPLA,Cipla,3:2,11-02-2006,25-04-2006,24-04-2006
notScraping,Jayant Agro-Org,1:1,03-03-2006,17-04-2006,13-04-2006
KALPATPOWR,Kalpataru Power,1:1,31-03-2006,17-04-2006,13-04-2006
MASTEK,Mastek,1:1,12-01-2006,28-03-2006,27-03-2006
THEINVEST,The Investment ,1:1,31-01-2006,22-03-2006,21-03-2006
,Shree Ram Urban,1:5,09-02-2006,31-03-2006,17-03-2006
notScraping,GSL Nova Petro,1:1,30-01-2006,20-03-2006,17-03-2006
MARATHON,Marathon Realty,4:1,15-02-2006,29-03-2006,16-03-2006
TORNTPHARM,Torrent Pharma,1:1,15-12-2005,27-02-2006,20-02-2006
notScraping,VIP Clothing,3:4,27-12-2005,23-02-2006,16-02-2006
SHAHALLOYS,Shah Alloys,1:1,13-09-2005,14-02-2006,13-02-2006
notScraping,Mercator,3:2,20-12-2005,03-02-2006,02-02-2006
notScraping,Donear Ind,1:1,05-12-2005,03-02-2006,27-01-2006
KLGSYSTEL,KLG Systel,1:1,12-12-2005,30-01-2006,27-01-2006
DABUR,Dabur India,1:1,24-10-2005,20-01-2006,19-01-2006
GANESHHOUC,Ganesh Housing,2:1,27-10-2005,20-01-2006,19-01-2006
UNIWESTBNK,United Western,1:5,29-08-2005,-,17-01-2006
,Netlink Sol,2:1,07-10-2005,20-01-2006,13-01-2006
SUBEX,Subex,1:1,28-10-2005,06-01-2006,05-01-2006
KANORICHEM,Kanoria Chem,1:2,29-10-2007,07-01-2008,31-12-2007
,Rasi Electrodes,2:5,25-07-2007,20-12-2007,19-12-2007
,Mediaone Global,5:1,14-08-2007,24-12-2007,12-12-2007
USHDEVINT,Ushdev Intl,1:1,15-10-2007,06-12-2007,05-12-2007
VINATIORGA,Vinati Organics,1:2,31-07-2007,23-11-2007,22-11-2007
,Axon Finance,3:1,01-09-2007,16-11-2007,15-11-2007
HARITASEAT,Harita Seating,1:1,28-07-2007,16-11-2007,15-11-2007
,DMC Education,1:1,14-05-2007,13-11-2007,12-11-2007
,CNI Research,1:2,13-08-2007,06-11-2007,05-11-2007
,BAMPSL Sec,2:5,30-06-2007,05-11-2007,02-11-2007
notScraping,Parenteral Drug,1:1,04-09-2007,05-11-2007,02-11-2007
,Dolat Investmen,1:1,21-07-2007,30-10-2007,29-10-2007
KIRLOSIND,Kirloskar Ind,1:1,19-07-2007,27-10-2007,25-10-2007
OPTOCIRCUI,Opto Circuits,1:2,29-06-2007,26-10-2007,25-10-2007
JBMA,JBM Auto,1:2,28-07-2007,25-10-2007,24-10-2007
notScraping,Ashapura Mine,1:1,27-06-2007,19-10-2007,18-10-2007
TV-18,TV 18,1:1,05-07-2007,18-10-2007,17-10-2007
KERNEX,Kernex Micro,1:10,29-06-2007,17-10-2007,16-10-2007
MARATHON,Marathon Realty,2:1,29-06-2007,15-10-2007,12-10-2007
ELECON,Elecon Eng,2:1,15-06-2007,11-10-2007,10-10-2007
JAICORPLTD,Jai Corp,1:1,09-08-2007,12-10-2007,05-10-2007
VALECHAENG,Valecha Engg,1:2,30-07-2007,05-10-2007,04-10-2007
,Modern Dairies,1:1,23-07-2007,01-10-2007,28-09-2007
,Modern Steels,3:2,24-07-2007,01-10-2007,28-09-2007
,Suraj,2:1,26-06-2007,17-09-2007,14-09-2007
,Jaybharat Text,1:1,23-07-2007,04-09-2007,03-09-2007
PROSEED,Proseed India,1:1,28-05-2007,03-09-2007,31-08-2007
BANCOINDIA,Banco Products,1:1,28-06-2007,31-08-2007,30-08-2007
UNITECH,Unitech,1:1,28-05-2007,31-08-2007,30-08-2007
MOTHERSUMI,Motherson Sumi,1:2,26-05-2007,31-08-2007,30-08-2007
NIITTECH,NIIT Tech,1:2,23-05-2007,31-08-2007,30-08-2007
notScraping,Bajaj Electric,1:1,29-05-2007,29-08-2007,28-08-2007
3IINFOTECH,3i Infotech,1:1,25-04-2007,28-08-2007,27-08-2007
NIITLTD,NIIT,1:2,05-06-2007,31-08-2007,24-08-2007
,Jetking Info,1:1,20-06-2007,23-08-2007,22-08-2007
notScraping,Geodesic,1:2,18-06-2007,21-08-2007,17-08-2007
,Matra Realty,5:1,10-06-2007,27-08-2007,17-08-2007
BANKRAJAS,Bk Of Rajasthan,1:4,12-05-2007,-,16-08-2007
NUCLEUS,Nucleus Softwar,1:1,30-04-2007,06-08-2007,03-08-2007
notScraping,Gateway Distri,1:4,30-04-2007,03-08-2007,02-08-2007
SUNTV,Sun TV Network,1:1,24-04-2007,-,23-07-2007
PRAJIND,Praj Industries,1:1,18-04-2007,-,18-07-2007
MOSERBAER,Moser Baer,1:2,01-05-2007,18-07-2007,17-07-2007
GEMINI,Gemini Comm,1:1,29-01-2007,18-07-2007,17-07-2007
,Bharat Seats,1:1,13-04-2007,05-07-2007,28-06-2007
BOSCHCHASY,Bosch Chassis,1:1,20-02-2007,07-06-2007,06-06-2007
BHEL,BHEL,1:1,25-01-2007,01-06-2007,31-05-2007
APLAPOLLO,APL Apollo,1:1,10-01-2007,26-05-2007,24-05-2007
SUMEETINDS,Sumeet Ind,1:10,05-03-2007,27-04-2007,26-04-2007
KGL,Karuturi Global,1:1,01-03-2007,25-04-2007,24-04-2007
,Mahalaxmi Rub,1:4,23-11-2006,24-04-2007,23-04-2007
ANSALAPI,Ansal Propertie,1:1,12-02-2007,24-04-2007,23-04-2007
,NR Intl,1:1,01-02-2007,20-04-2007,19-04-2007
,Remi Process,3:1,01-02-2007,28-04-2007,16-04-2007
SUVEN,Suven Life Sci,1:1,29-01-2007,02-04-2007,23-03-2007
notScraping,Gujarat Apollo,1:2,30-01-2007,23-03-2007,22-03-2007
notScraping,Responsive Ind,3:1,29-01-2007,05-04-2007,22-03-2007
,Bombay SwadShar,1:3,20-11-2006,28-03-2007,20-03-2007
,Gujarat Metal,2:1,19-10-2006,19-03-2007,15-03-2007
HCLTECH,HCL Tech,1:1,14-12-2006,16-03-2007,15-03-2007
notScraping,Manappuram Fin,1:1,15-01-2007,15-03-2007,14-03-2007
notScraping,Alchemist,1:1,16-10-2006,09-03-2007,08-03-2007
VIPULLTD,Vipul,1:1,27-09-2006,22-03-2007,08-03-2007
BALAMINES,Balaji Amines,1:1,23-10-2006,06-03-2007,05-03-2007
notScraping,Shri Baj Alloys,2:1,09-12-2006,02-02-2007,01-02-2007
DABUR,Dabur India,1:2,31-10-2006,29-01-2007,25-01-2007
ZANDUREALT,Zandu Realty,1:3,24-11-2006,20-01-2007,18-01-2007
NDL,Nandan Denim,1:1,31-10-2006,19-01-2007,18-01-2007
notScraping,Savita Oil Tech,2:3,21-08-2006,18-01-2007,17-01-2007
ORIENTBELL,Orient Bell,5:4,28-11-2006,16-01-2007,15-01-2007
PONDYOXIDE,Pondy Oxides,1:10,28-11-2006,20-01-2007,15-01-2007
APARINDS,Apar Ind,1:3,27-10-2006,12-01-2007,11-01-2007
DOLPHINOFF,Dolphin Offshor,3:5,31-10-2006,12-01-2007,11-01-2007
,CNI Research,1:2,02-11-2006,15-01-2007,08-01-2007
,Gupta Synthetic,2:1,18-10-2006,08-01-2007,05-01-2007
SUNDRMFAST,Sundram,1:1,23-08-2006,05-01-2007,04-01-2007
KPIT,KPIT Tech,1:1,08-11-2006,11-01-2007,04-01-2007
,Exdon Trading,2:1,18-08-2008,12-01-2009,31-12-2008
COMPUSOFT,Compucom Soft,1:1,31-10-2008,26-12-2008,24-12-2008
notScraping,Gujarat Apollo,1:2,23-08-2008,22-12-2008,19-12-2008
,Sanraa Media,1:1,31-10-2008,17-12-2008,16-12-2008
notScraping,Westlife Dev,79:1,06-10-2008,11-12-2008,10-12-2008
,Super Tannery,1:1,31-07-2008,08-12-2008,05-12-2008
,Frontline Sol,1:1,04-09-2008,19-12-2008,05-12-2008
,Veer Energy,14:10,29-08-2008,14-11-2008,12-11-2008
,BAMPSL Sec,2:5,30-06-2008,11-11-2008,10-11-2008
notScraping,FEL,1:10,24-07-2008,-,05-11-2008
notScraping,Future Ent,1:10,24-07-2008,-,05-11-2008
OPTOCIRCUI,Opto Circuits,7:10,27-05-2008,04-11-2008,03-11-2008
,Remi Edelstahl,1:1,30-06-2008,04-11-2008,03-11-2008
SCI,Shipping Corp,1:2,26-07-2008,31-10-2008,29-10-2008
notScraping,UPL,1:1,24-07-2008,31-10-2008,29-10-2008
GUJNRECOKE,Guj NRE Coke,2:5,18-07-2008,20-10-2008,17-10-2008
GUJNREDVR,Guj NRE (DVR),2:5,18-07-2008,20-10-2008,17-10-2008
notScraping,Guj Mineral,1:1,30-01-2008,17-10-2008,16-10-2008
SOUTHBANK,South Ind Bk,1:4,28-06-2008,17-10-2008,16-10-2008
AMARAJABAT,Amara Raja Batt,1:2,24-06-2008,15-10-2008,14-10-2008
HIRECT,Hind Rectifiers,1:1,24-06-2008,07-10-2008,06-10-2008
GAIL,GAIL,1:2,23-06-2008,07-10-2008,06-10-2008
RAMCOCEM,Ramco Cements,1:1,30-06-2008,10-10-2008,01-10-2008
VALECHAENG,Valecha Engg,1:2,30-07-2008,03-10-2008,01-10-2008
LT,Larsen,1:1,29-05-2008,03-10-2008,01-10-2008
,Gloster,1:1,28-06-2008,01-10-2008,29-09-2008
,Jolly Board,4:1,28-06-2008,01-10-2008,29-09-2008
AROGRANITE,Aro Granite,1:2,09-05-2008,30-09-2008,26-09-2008
BLISSGVS,Bliss GVS,3:5,29-07-2008,30-09-2008,26-09-2008
MMFL,MM Forgings,1:1,25-07-2008,30-09-2008,26-09-2008
SANWARIA,Sanwaria Consum,1:1,08-08-2008,30-09-2008,26-09-2008
,Jetking Info,1:2,30-06-2008,26-09-2008,25-09-2008
,Kamanwala,1:1,27-05-2008,22-09-2008,19-09-2008
BANKRAJAS,Bk Of Rajasthan,1:5,31-05-2008,20-09-2008,18-09-2008
BIOCON,Biocon,1:1,22-04-2008,12-09-2008,11-09-2008
JMFINANCIL,JM Financial,3:2,28-05-2008,15-09-2008,08-09-2008
SUNDARMFIN,Sundaram Fin,1:1,27-05-2008,25-08-2008,22-08-2008
HDIL,HDIL,2:7,21-05-2008,22-08-2008,21-08-2008
,Kaashyap Tech,1:6,09-05-2008,14-08-2008,13-08-2008
VEDL,Vedanta,1:1,28-04-2008,18-08-2008,08-08-2008
,Thakkars Dev,1:1,08-03-2008,18-08-2008,06-08-2008
notScraping,ILandFS,1:2,01-04-2008,29-07-2008,28-07-2008
KANANIIND,Kanani Ind,1:1,11-06-2008,07-08-2008,24-07-2008
,ELF Trading,3:1,02-05-2008,04-07-2008,20-06-2008
RPOWER,Reliance Power,3:5,24-02-2008,-,30-05-2008
NMDC,NMDC,2:1,27-12-2007,22-05-2008,21-05-2008
,CG Impex,1:2,04-03-2008,16-05-2008,15-05-2008
,Swasti Vinayaka,1:3,21-01-2008,16-05-2008,15-05-2008
,AshirwadCapital,3:5,21-01-2008,16-05-2008,15-05-2008
CONCOR,Container Corp,1:1,30-01-2008,17-04-2008,16-04-2008
,Special Papers,1:1,14-03-2008,16-04-2008,15-04-2008
STCINDIA,STC India,1:1,31-10-2007,24-03-2008,19-03-2008
,Veer Energy,9:5,09-11-2007,29-03-2008,17-03-2008
,BLS Infotech,3:8,09-01-2008,18-03-2008,17-03-2008
SIEMENS,Siemens,1:1,22-11-2007,03-03-2008,29-02-2008
notScraping,Parle Software,3:1,30-11-2007,-,28-02-2008
notScraping,Walchandnagar,1:1,25-11-2007,03-03-2008,25-02-2008
ASHIANA,Ashiana Housing,5:2,29-10-2007,22-02-2008,21-02-2008
,Alchemist Real,1:1,13-12-2007,07-02-2008,06-02-2008
RAJESHEXPO,Rajesh Exports,2:1,22-10-2007,05-02-2008,29-01-2008
notScraping,Rolta,1:1,22-10-2007,25-01-2008,24-01-2008
,Satra Prop,2:1,12-11-2007,25-01-2008,24-01-2008
,Bheema Cements,7:4,30-11-2007,31-01-2008,17-01-2008
,Anjani Synth,1:1,23-10-2007,11-01-2008,10-01-2008
,Freshtrop Fruit,1:1,03-09-2007,04-01-2008,03-01-2008
,WH Brady,1:2,27-09-2007,04-01-2008,03-01-2008
,Brady and Morri,1:2,27-09-2007,04-01-2008,03-01-2008
WEBELSOLAR,Websol Energy,1:1,31-10-2009,30-12-2009,29-12-2009
,Luharuka Media ,3:1,17-11-2009,24-12-2009,23-12-2009
,CNI Research,1:1,31-10-2009,18-12-2009,17-12-2009
JPASSOCIAT,Jaiprakash Asso,1:2,21-10-2009,18-12-2009,17-12-2009
DIAPOWER,Diamond Power,1:3,06-03-2009,17-12-2009,16-12-2009
SIGIND,Signet Ind,2:1,22-10-2009,14-12-2009,11-12-2009
ADANIENT,Adani Enterpris,1:1,30-10-2009,11-12-2009,10-12-2009
,Intl Conveyor,1:1,21-10-2009,11-12-2009,10-12-2009
notScraping,Valson Ind,1:1,15-10-2009,08-12-2009,07-12-2009
RELIANCE,Reliance,1:1,07-10-2009,27-11-2009,26-11-2009
IOC,IOC,1:1,13-09-2009,30-10-2009,29-10-2009
,Modi Naturals,1:1,02-09-2009,26-10-2009,14-10-2009
SWELECTES,Swelect Energy,1:1,22-08-2009,15-10-2009,14-10-2009
SUNCLAYLTD,Sundaram-Clayto,1:1,26-08-2009,12-10-2009,09-10-2009
,Shree Nath Comm,3:1,22-08-2009,08-10-2009,07-10-2009
FALCONTYRE,Falcon Tyres,2:1,30-07-2009,29-09-2009,25-09-2009
,Jaybharat Text,1:2,21-07-2009,17-09-2009,16-09-2009
RAMCOIND,Ramcoind,1:1,23-07-2009,15-09-2009,14-09-2009
JINDALSTEL,Jindal Steel,5:1,29-07-2009,-,14-09-2009
,Hiran Orgochem,4:1,27-07-2009,12-09-2009,10-09-2009
notScraping,Navneet,3:2,31-07-2009,09-09-2009,08-09-2009
COUNCODOS,Country Condos,2:1,15-07-2009,07-09-2009,04-09-2009
TI,Tilaknagar Ind,2:1,24-07-2009,03-09-2009,02-09-2009
notScraping,GEE,1:4,30-06-2009,26-08-2009,25-08-2009
,Linkson Intl,2:1,08-05-2009,-,21-08-2009
GLODYNE,Glodyne Techno,1:1,30-06-2009,-,20-08-2009
KANANIIND,Kanani Ind,2:1,25-06-2009,-,20-08-2009
ORIENTABRA,Orient Abrasive,1:1,23-06-2009,13-08-2009,12-08-2009
CORAL-HUB,Coral Hub,1:2,23-06-2009,07-08-2009,06-08-2009
,Munoth Capital,7:2,08-06-2009,06-08-2009,05-08-2009
,Avance Tech,4:1,27-06-2009,08-08-2009,03-08-2009
TRF,TRF,1:1,16-06-2009,03-08-2009,31-07-2009
DIVISLAB,Divis Labs,1:1,06-06-2009,01-08-2009,30-07-2009
,Veer Energy,1:2,01-06-2009,-,29-07-2009
INDTRADECO,Ind Tra Deco,2:3,06-06-2009,28-07-2009,27-07-2009
notScraping,Anus Labs,1:1,03-06-2009,27-07-2009,24-07-2009
,Transcorp Intl,1:2,09-05-2009,-,02-07-2009
DOLPHINOFF,Dolphin Offshor,2:5,14-05-2009,-,29-06-2009
,Indiaco Venture,1:1,30-04-2009,26-06-2009,19-06-2009
TCS,TCS,1:1,20-04-2009,17-06-2009,16-06-2009
PIIND,PI Industries,1:1,13-06-2008,08-04-2009,25-03-2009
,Remi Elektrotec,1:1,29-12-2008,16-03-2009,04-03-2009
,Transoceanic,20:1,20-10-2008,10-02-2009,29-01-2009
notScraping,GEE,1:5,20-07-2008,09-01-2009,07-01-2009
,Simplex Trading,4:1,18-08-2008,06-01-2009,05-01-2009
SELAN,Selan Explore,1:10,22-11-2010,03-01-2011,31-12-2010
ASTRAMICRO,Astra Microwave,1:2,10-11-2010,31-12-2010,30-12-2010
notScraping,Powersoft Glob,1:1,04-11-2010,28-12-2010,27-12-2010
,Chartered Logis,1:1,05-11-2010,27-12-2010,24-12-2010
POLYPLEX,Polyplex Corp,1:1,04-11-2010,25-12-2010,23-12-2010
ELGIEQUIP,Elgi Equipments,1:1,28-10-2010,-,14-12-2010
,Apis India,323:100,21-09-2010,17-12-2010,10-12-2010
,Shiva Cement,1:10,30-10-2010,11-12-2010,09-12-2010
HITECHGEAR,The Hi-Tech Gea,1:1,27-10-2010,02-12-2010,01-12-2010
,Sri Ganapathy,1:1,23-08-2010,27-11-2010,25-11-2010
,Santowin Corp,3:2,15-10-2010,07-12-2010,25-11-2010
SIGIND,Signet Ind,5:1,14-10-2010,19-11-2010,18-11-2010
notScraping,Zee Entertain,1:1,23-09-2010,12-11-2010,11-11-2010
,Anuh Pharma,2:1,06-08-2010,29-10-2010,28-10-2010
SAVERA,Savera Ind,1:1,31-08-2010,26-10-2010,25-10-2010
JINDALPOLY,Jindal PolyFilm,1:1,03-09-2010,25-10-2010,22-10-2010
BIRLAPOWER,Birla Power Sol,1:5,30-08-2010,21-10-2010,20-10-2010
COMPUSOFT,Compucom Soft,1:2,31-07-2010,20-10-2010,19-10-2010
,Indsil Hydro,2:3,23-08-2010,18-10-2010,15-10-2010
HAVELLS,Havells India,1:1,27-08-2010,11-10-2010,08-10-2010
,Gold Rock Inves,2:1,06-09-2010,13-10-2010,05-10-2010
BIRLACOT,Birla Cotsyn,1:5,10-08-2010,01-10-2010,29-09-2010
BLKASHYAP,BL Kashyap,1:1,07-08-2010,01-10-2010,29-09-2010
,Baba Arts,1:1,13-08-2010,01-10-2010,29-09-2010
TI,Tilaknagar Ind,2:1,07-08-2010,30-09-2010,28-09-2010
,Tirupati Sarjan,1:1,05-08-2010,29-09-2010,28-09-2010
NAUKRI,Info Edge,1:1,12-08-2010,28-09-2010,27-09-2010
,Tulive Develop,4:1,21-08-2010,08-10-2010,24-09-2010
,Arihant Capital,3:5,31-07-2010,24-09-2010,23-09-2010
KARURVYSYA,Karur Vysya,2:5,07-09-2010,18-09-2010,16-09-2010
RMMIL,Resurgere Mines,2:1,27-07-2010,-,15-09-2010
GILLANDERS,Gillanders Arbu,1:2,30-07-2010,15-09-2010,14-09-2010
notScraping,Parenteral Drug,1:3,02-09-2010,-,13-09-2010
DABUR,Dabur India,1:1,26-07-2010,10-09-2010,08-09-2010
TVSMOTOR,TVS Motor,1:1,21-07-2010,09-09-2010,08-09-2010
BAJAJ-AUTO,Bajaj Auto,1:1,22-07-2010,10-09-2010,08-09-2010
KABRAEXTRU,Kabra Extrusion,1:1,26-07-2010,07-09-2010,06-09-2010
SIPAPER,South (I) Paper,1:1,29-07-2010,-,06-09-2010
NRBBEARING,NRB Bearings,1:1,01-06-2010,06-09-2010,03-09-2010
CERA,Cera Sanitary,1:1,16-07-2010,03-09-2010,02-09-2010
,Ganon Products ,2:1,02-08-2010,-,02-09-2010
,Anukaran Commer,5:1,13-07-2010,28-08-2010,26-08-2010
ZODIACLOTH,Zodiac Clothing,1:2,06-07-2010,24-08-2010,23-08-2010
notScraping,Aegis Logistics,2:3,07-07-2010,20-08-2010,18-08-2010
ZENITHBIR,Zenith Birla,1:5,24-06-2010,12-08-2010,11-08-2010
HCC,Hind Constr,1:1,30-07-2010,11-08-2010,10-08-2010
notScraping,Edelweiss,1:1,24-06-2010,11-08-2010,10-08-2010
notScraping,Setco Auto,1:1,28-06-2010,-,05-08-2010
ITC,ITC,1:1,18-06-2010,04-08-2010,03-08-2010
MMTC,MMTC Ltd,1:1,29-06-2010,30-07-2010,29-07-2010
notScraping,Span Diagnostic,1:1,05-06-2010,28-07-2010,27-07-2010
ECLERX,eClerx Services,1:2,07-06-2010,26-07-2010,23-07-2010
ZENSARTECH,Zensar Tech,1:1,31-05-2010,-,21-07-2010
NESCO,NESCO,1:1,29-05-2010,21-07-2010,20-07-2010
,Krishna Venture,5:1,29-05-2010,-,09-07-2010
PIIND,PI Industries,1:2,17-05-2010,-,08-07-2010
,EICL,5:4,18-05-2010,-,07-07-2010
MARATHON,Marathon Realty,1:2,31-05-2010,07-07-2010,06-07-2010
,Triton Valves,2:1,14-05-2010,06-07-2010,05-07-2010
ORBITCORP,Orbit Corp,1:1,10-05-2010,30-06-2010,29-06-2010
KANSAINER,Kansai Nerolac,1:1,03-05-2010,24-06-2010,23-06-2010
RSSOFTWARE,RS Software,28:100,26-04-2010,22-06-2010,21-06-2010
PANORAMUNI,Panoramic Uni,5:1,29-04-2010,22-06-2010,21-06-2010
STER,Sterlite Ind,1:1,26-04-2010,22-06-2010,21-06-2010
MAITHANALL,Maithan Alloys,1:2,28-04-2010,19-06-2010,17-06-2010
WIPRO,Wipro,2:3,23-04-2010,16-06-2010,15-06-2010
KWALITY,Kwality,5:7,19-04-2010,16-06-2010,15-06-2010
CYIENT,Cyient,1:1,21-04-2010,12-06-2010,10-06-2010
RALLIS,Rallis India,1:2,22-04-2010,09-06-2010,08-06-2010
IVRCLAH,IVRCL Assets,1:2,14-04-2010,21-05-2010,20-05-2010
,Srinivasa Hatch,1:1,31-03-2010,22-05-2010,20-05-2010
PAISALO,Paisalo Digital,3:1,08-05-2010,19-05-2010,18-05-2010
,Tilak Ventures,4:1,29-03-2010,18-05-2010,10-05-2010
ENGINERSIN,EngineersInd,2:1,23-03-2010,07-05-2010,06-05-2010
GUJNRECOKE,Guj NRE Coke,1:10,19-09-2009,07-05-2010,06-05-2010
GUJNREDVR,Guj NRE (DVR),1:10,19-09-2009,07-05-2010,06-05-2010
notScraping,Manappuram Fin,1:1,18-03-2010,04-05-2010,03-05-2010
,SJ Corporation,3:1,26-09-2009,14-04-2010,12-04-2010
CASTROLIND,Castrol,1:1,18-02-2010,12-04-2010,09-04-2010
CADILAHC,Cadila Health,1:2,25-02-2010,06-04-2010,05-04-2010
POLYMED,Poly Medicure,1:1,09-02-2010,29-03-2010,26-03-2010
,Empower India,23:2,12-02-2010,25-03-2010,23-03-2010
CHROMATIC,Chromatic India,5:2,29-01-2010,23-03-2010,22-03-2010
IVRCLINFRA,IVRCL,1:1,28-01-2010,19-03-2010,18-03-2010
SUPRAJIT,Suprajit Eng,1:1,30-01-2010,20-03-2010,18-03-2010
,Indo Asian Fin,2:1,05-02-2010,19-03-2010,18-03-2010
RENUKA,Shree Renuka,1:1,25-01-2010,17-03-2010,15-03-2010
PIDILITIND,Pidilite Ind,1:1,28-01-2010,17-03-2010,15-03-2010
,Well Pack Paper,3:4,23-01-2010,17-03-2010,15-03-2010
HINDDORROL,Hind Dorr-Olive,1:1,29-01-2010,17-03-2010,15-03-2010
,Chembond Chem,1:1,30-01-2010,11-03-2010,10-03-2010
STRTECH,Sterlite Techno,1:1,18-01-2010,10-03-2010,09-03-2010
CGPOWER,CG Power ,3:4,28-01-2010,09-03-2010,08-03-2010
,Sanraa Media,5:4,12-01-2010,05-03-2010,04-03-2010
FCSSOFT,FCS Software,1:1,18-01-2010,02-03-2010,26-02-2010
,Mountever Trade,3:1,17-06-2009,12-02-2010,10-02-2010
,Super Tannery,1:2,31-07-2009,09-02-2010,08-02-2010
,Diamant Infra,3:1,24-12-2009,09-02-2010,08-02-2010
VSTTILLERS,VST Tillers,1:2,26-06-2009,09-02-2010,08-02-2010
SHREEASHTA,Ashtavinayak,4:1,26-12-2009,02-02-2010,01-02-2010
,Newtime Infra,2:1,03-12-2009,30-01-2010,28-01-2010
NAKODA,Nakoda,1:1,03-12-2009,25-01-2010,22-01-2010
DPSCLTD,DPSC,22:1,07-11-2011,16-12-2011,15-12-2011
CASTEXTECH,Castex Tech,1:1,12-10-2011,22-11-2011,21-11-2011
,Kanpur Plast,1:2,30-07-2011,17-11-2011,16-11-2011
JISLJALEQS,Jain Irrigation,1:20,27-01-2011,09-11-2011,08-11-2011
notScraping,JISL,1:20,27-01-2011,09-11-2011,08-11-2011
,Anand Projects,17:1,09-09-2011,01-11-2011,20-10-2011
,Bhoruka Alum,1:1,26-08-2011,14-10-2011,13-10-2011
ALANKIT,Alankit,4:1,30-08-2011,18-10-2011,10-10-2011
notScraping,Monsanto India,1:1,13-08-2011,08-10-2011,05-10-2011
notScraping,Vaswani Ind,1:4,20-09-2011,03-10-2011,29-09-2011
JOCIL,Jocil,1:1,06-08-2011,28-09-2011,27-09-2011
ZODIACLOTH,Zodiac Clothing,1:2,10-08-2011,28-09-2011,27-09-2011
ENTEGRA,Entegra,4:13,11-08-2011,27-09-2011,26-09-2011
NITINFIRE,Nitin Fire Prot,5:2,11-08-2011,23-09-2011,22-09-2011
notScraping,Cummins,2:5,04-08-2011,21-09-2011,20-09-2011
,Sowbhagya Media,1:1,27-06-2011,21-09-2011,20-09-2011
INDNIPPON,India Nippon,2:5,08-08-2011,21-09-2011,20-09-2011
,Mac Charles,1:1,28-07-2011,15-09-2011,12-09-2011
DHANUS,Dhanus Tech,12:5,18-08-2011,30-08-2011,29-08-2011
,Malabar Trading,6:1,16-08-2011,25-08-2011,24-08-2011
,Confidence Fin,4:1,05-07-2011,29-08-2011,23-08-2011
ASHOKLEY,Ashok Leyland,1:1,15-06-2011,03-08-2011,02-08-2011
BUWALKASTL,Bhuwalka Steel,1:1,30-05-2011,22-07-2011,21-07-2011
,Diamines Chem,1:2,24-05-2011,-,19-07-2011
,Cravatex,1:1,24-05-2011,-,15-07-2011
notScraping,Hemang Resource,3:1,30-05-2011,15-07-2011,14-07-2011
,Valuemart,1:4,30-05-2011,-,13-07-2011
RAJPALAYAM,Rajapalayam,1:1,28-05-2011,-,13-07-2011
HIRAFERRO,Hira Ferro,4:1,23-05-2011,12-07-2011,11-07-2011
,Black Rose Ind,1:1,11-05-2011,-,30-06-2011
TITAN,Titan Company,1:1,29-04-2011,24-06-2011,23-06-2011
notScraping,Manappuram Fin,1:1,28-04-2011,10-06-2011,09-06-2011
CMC,CMC,1:1,18-04-2011,-,08-06-2011
,BNK Capital,1:4,17-04-2011,-,06-06-2011
VIVIDHA,Visagar Polytex,1:1,18-05-2011,28-05-2011,26-05-2011
,Indus Finance,1:1,21-10-2010,04-05-2011,03-05-2011
ONMOBILE,OnMobile Global,1:1,07-03-2011,04-05-2011,03-05-2011
,Champion Finsec,4:5,18-03-2011,11-05-2011,28-04-2011
SHAKTIPUMP,Shakti Pumps,1:1,11-03-2011,29-04-2011,28-04-2011
,ACIL Cotton Ind,1:1,23-02-2011,19-04-2011,18-04-2011
KSB,KSB Pumps,1:1,24-02-2011,19-04-2011,18-04-2011
SANWARIA,Sanwaria Consum,1:1,03-03-2011,08-04-2011,07-04-2011
,SVC Resources,1:3,31-01-2011,22-03-2011,21-03-2011
,Shree Nath Comm,1:1,24-01-2011,17-03-2011,16-03-2011
NATIONALUM,NALCO,1:1,31-01-2011,16-03-2011,15-03-2011
,Minal Ind,2:3,09-07-2010,12-03-2011,10-03-2011
HINDZINC,Hind Zinc,1:1,19-01-2011,08-03-2011,07-03-2011
,Marsons,1:4,15-01-2011,07-03-2011,04-03-2011
BHANDARI,Bhandari Hosier,7:20,15-01-2011,25-02-2011,24-02-2011
notScraping,Hexaware Tech,1:1,11-01-2011,25-02-2011,24-02-2011
SREINFRA,SREI Infra,4:5,28-01-2010,11-02-2011,10-02-2011
ONGC,ONGC,1:1,16-12-2010,09-02-2011,08-02-2011
,Aurum Soft,1:2,23-12-2010,04-02-2011,03-02-2011
,RR Finance,1:1,26-11-2010,15-01-2011,13-01-2011
notScraping,Tulsi Extrusion,1:10,18-11-2010,10-01-2011,07-01-2011
,MSR India,5:1,09-11-2012,21-12-2012,20-12-2012
AGCNET,AGC Networks,1:1,30-10-2012,20-12-2012,19-12-2012
SUNDARMFIN,Sundaram Fin,1:1,26-10-2012,14-12-2012,13-12-2012
,Pentokey Organy,2:3,06-11-2012,14-12-2012,13-12-2012
notScraping,Westlife Dev,1:1,21-09-2012,-,07-12-2012
,Visagar Fin,1:1,11-10-2012,05-12-2012,04-12-2012
,Anukaran Commer,8:10,16-10-2012,27-11-2012,26-11-2012
,Anup Malleables,5:2,11-10-2012,29-11-2012,20-11-2012
,Olympic Oil Ind,3:1,08-10-2012,20-11-2012,19-11-2012
NECCLTD,North Eastern,3:1,03-10-2012,16-11-2012,15-11-2012
,DJS Stock,1:2,04-09-2012,26-10-2012,23-10-2012
ASILIND,Anil Special,1:10,14-08-2012,18-10-2012,17-10-2012
,Ganon Products ,30:1,31-08-2012,16-10-2012,15-10-2012
notScraping,Bilpower,1:1,14-08-2012,-,04-10-2012
MOTHERSUMI,Motherson Sumi,1:2,09-08-2012,-,03-10-2012
,Acrysil India,1:2,14-08-2012,28-09-2012,27-09-2012
notScraping,Hester Bio,1:2,14-08-2012,-,27-09-2012
IMPAL,Ind Motor Parts,1:1,26-07-2012,11-09-2012,10-09-2012
CASTROLIND,Castrol,1:1,16-07-2012,05-09-2012,04-09-2012
notScraping,Setco Auto,1:2,06-07-2012,-,14-08-2012
,Lifeline Drugs,4:1,31-05-2012,16-08-2012,07-08-2012
MAYURUNIQ,Mayur Uniquoter,1:1,22-06-2012,07-08-2012,06-08-2012
,Surabhi Chemica,9:1,22-06-2012,11-08-2012,30-07-2012
,Steelcast,1:1,05-06-2012,26-07-2012,25-07-2012
notScraping,Asian Star,1:2,28-05-2012,21-07-2012,19-07-2012
MICROTECH,Micro Tech,1:1,23-05-2012,18-07-2012,17-07-2012
,Golden Legend,1:1,09-06-2012,18-07-2012,17-07-2012
BPCL,BPCL,1:1,25-05-2012,-,13-07-2012
GABRIEL,Gabriel India,1:1,30-05-2012,13-07-2012,12-07-2012
notScraping,Fairchem Spec,1:5,26-05-2012,-,12-07-2012
JYOTHYLAB,Jyothy Labs,1:1,23-05-2012,-,12-07-2012
HERCULES,Hercules Hoists,1:1,29-05-2012,-,11-07-2012
notScraping,Orbit Exports,1:2,28-05-2012,10-07-2012,09-07-2012
ATULAUTO,Atul Auto,1:2,14-05-2012,-,03-07-2012
,Aarey Drugs,1:5,18-05-2012,26-06-2012,25-06-2012
NAUKRI,Info Edge,1:1,03-05-2012,-,22-06-2012
8KMILES,8K Miles Soft,2:3,15-05-2012,25-06-2012,22-06-2012
notScraping,Inventure Grow,3:1,04-04-2012,23-05-2012,22-05-2012
notScraping,Indoco Remedies,1:2,29-03-2012,19-05-2012,17-05-2012
SUNDARAM,Sundaram Multi,2:1,29-02-2012,16-04-2012,13-04-2012
VAKRANGEE,Vakrangee,1:1,23-02-2012,13-04-2012,12-04-2012
,Shree Shaleen,19:1,25-02-2012,14-04-2012,30-03-2012
OIL,Oil India,3:2,11-02-2012,31-03-2012,29-03-2012
OPTOCIRCUI,Opto Circuits,3:10,07-02-2012,31-03-2012,29-03-2012
MINDACORP,Minda Corp,1:1,10-02-2012,28-03-2012,27-03-2012
HATSUN,Hatsun Agro,1:2,13-02-2012,27-03-2012,26-03-2012
KPIT,KPIT Tech,1:1,23-01-2012,14-03-2012,13-03-2012
,Maha ShreeUmaid,2:1,30-12-2011,15-02-2012,14-02-2012
notScraping,ILandFS,1:2,01-11-2013,-,26-12-2013
MOTHERSUMI,Motherson Sumi,1:2,01-11-2013,-,20-12-2013
,Aditri Industri,1:1,16-10-2013,29-11-2013,28-11-2013
OMAXE,Omaxe,10:39,30-10-2013,12-11-2013,11-11-2013
AROGRANITE,Aro Granite,1:2,18-09-2013,31-10-2013,30-10-2013
PRECOT,Precot Meridian,1:2,14-08-2013,04-10-2013,03-10-2013
BSLIMITED,BS Limited,1:1,09-08-2013,01-10-2013,30-09-2013
ALEMBICLTD,Alembic,1:1,09-08-2013,30-09-2013,27-09-2013
AVTNPL,AVT Natural,1:1,31-07-2013,-,26-09-2013
,Rapicut Carbide,3:2,27-07-2013,23-09-2013,20-09-2013
notScraping,Ajanta Pharma,1:2,29-07-2013,18-09-2013,17-09-2013
,Indo Amines,1:1,03-08-2013,17-09-2013,16-09-2013
THEJO,Thejo Engg,1:1,15-07-2013,12-09-2013,11-09-2013
,Samruddhi Real,1:5,23-07-2013,12-09-2013,11-09-2013
VETO,Veto Switch,1:10,29-07-2013,10-09-2013,06-09-2013
CONCOR,Container Corp,1:2,25-07-2013,10-09-2013,06-09-2013
DIAPOWER,Diamond Power,1:3,24-07-2013,27-08-2013,26-08-2013
,Finkurve Fin,6:1,03-07-2013,23-08-2013,22-08-2013
CCL,CCL Products,1:1,03-07-2013,20-08-2013,19-08-2013
,Syncom Formula,5:2,08-07-2013,20-08-2013,19-08-2013
TTML,TataTeleservice,2:15,20-06-2013,08-08-2013,07-08-2013
,Kovalam Investm,132:10,20-06-2013,07-08-2013,29-07-2013
notScraping,Sun Pharma,1:1,28-05-2013,30-07-2013,29-07-2013
HERITGFOOD,Heritage Foods,1:1,17-07-2013,29-07-2013,26-07-2013
TORNTPHARM,Torrent Pharma,1:1,30-05-2013,24-07-2013,23-07-2013
SHILPAMED,Shilpa,1:2,29-05-2013,-,16-07-2013
LT,Larsen,1:2,22-05-2013,13-07-2013,11-07-2013
GULFPETRO,GP Petroleums,23:19,24-05-2013,10-07-2013,09-07-2013
POLYMED,Poly Medicure,1:1,13-05-2013,10-07-2013,09-07-2013
notScraping,Fairchem Spec,1:10,20-05-2013,04-07-2013,03-07-2013
PNBGILTS,PNB Gilts,1:3,23-05-2013,04-07-2013,03-07-2013
notScraping,Centrum Capital,5:1,15-05-2013,04-07-2013,03-07-2013
notScraping,Ashoka Buildcon,1:2,10-05-2013,04-07-2013,03-07-2013
SUTLEJTEX,Sutlej Textiles,1:2,08-05-2013,28-06-2013,27-06-2013
,Gloster,1:1,10-05-2013,-,26-06-2013
EMAMILTD,Emami,1:2,06-05-2013,27-06-2013,26-06-2013
,Ras Resorts,1:5,10-04-2013,-,21-06-2013
KERALACHEM,Nitta Gelatin,1:3,03-05-2013,20-06-2013,19-06-2013
notScraping,Transformers,1:9,03-05-2013,14-06-2013,13-06-2013
notScraping,Trans & Electr,1:9,03-05-2013,14-06-2013,13-06-2013
,Midland Polymer,1:1,16-04-2013,11-06-2013,10-06-2013
NACLIND,Nacl Industries,3:14,27-04-2013,01-06-2013,30-05-2013
,Magnanimous,3:1,23-03-2013,04-06-2013,28-05-2013
BALMLAWRIE,Balmer Lawrie,3:4,26-03-2013,24-05-2013,23-05-2013
,Emmsons Intl,1:1,21-03-2013,09-05-2013,08-05-2013
VKSPL,VKS Projects,5:2,20-03-2013,06-05-2013,03-05-2013
,ABans Enterpris,1:1,14-03-2013,07-05-2013,26-04-2013
ANSALHSG,Ansal Housing,2:1,14-02-2013,12-04-2013,10-04-2013
RASOYPR,Rasoya Protein,2:1,11-02-2013,22-03-2013,21-03-2013
WARRENTEA,Warren Tea,7:10,30-01-2013,22-03-2013,21-03-2013
MEDICAPS,Medi-Caps,3:1,07-02-2013,20-03-2013,19-03-2013
,Hasti Finance,1:10,05-02-2013,14-03-2013,13-03-2013
VISESHINFO,Visesh Infotech,1:10,21-01-2013,08-03-2013,07-03-2013
ROLLT,Rollatainers,3:2,10-01-2013,28-02-2013,27-02-2013
notScraping,Pradip Overseas,1:5,18-10-2012,13-02-2013,12-02-2013
,Mishka Finance,7:1,24-12-2012,06-02-2013,05-02-2013
,Dhanleela,4:1,21-12-2012,06-02-2013,05-02-2013
KANANIIND,Kanani Ind,1:10,24-01-2013,-,01-02-2013
,Yantra Natural,5:2,18-12-2012,28-01-2013,24-01-2013
notScraping,Gammon Infra,1:34,17-12-2012,24-01-2013,23-01-2013
,Simplex Trading,9:1,11-11-2014,26-12-2014,24-12-2014
,K K Fincorp,3:1,27-10-2014,12-12-2014,11-12-2014
INFY,Infosys,1:1,10-10-2014,03-12-2014,02-12-2014
,Global Infra,1:10,04-08-2014,17-11-2014,14-11-2014
VIKASECO,Vikas Ecotech,3:2,17-09-2014,15-11-2014,13-11-2014
NITINFIRE,Nitin Fire Prot,1:3,30-09-2014,15-11-2014,13-11-2014
,Esaar (India),3:2,03-09-2014,22-10-2014,21-10-2014
,Arnav Corp,49:50,04-09-2014,20-10-2014,17-10-2014
,NCL Research,4:1,23-08-2014,17-10-2014,16-10-2014
BYKE,The Byke Hosp,1:1,13-08-2014,10-10-2014,09-10-2014
JBMA,JBM Auto,1:1,14-08-2014,09-10-2014,08-10-2014
SUDARSCHEM,Sudarshan Chem,1:1,09-08-2014,01-10-2014,30-09-2014
LYPSAGEMS,Lypsa Gems,1:2,11-08-2014,30-09-2014,29-09-2014
,Jupiter Infomed,1:1,18-08-2014,30-09-2014,29-09-2014
SHAWGELTIN,Narmada Gelatin,1:2,06-08-2014,-,26-09-2014
,Transcorp Intl,1:4,19-07-2014,-,25-09-2014
notScraping,Parshwanath,1:5,06-05-2013,-,18-09-2014
,Samruddhi Real,1:5,30-07-2014,19-09-2014,18-09-2014
SHILPI,Shilpi Cable,1:1,02-08-2014,17-09-2014,16-09-2014
JMTAUTOLTD,JMT Auto,5:2,10-06-2014,31-07-2014,30-07-2014
,Lakhotia Poly,18:10,13-06-2014,28-07-2014,25-07-2014
,Captain Poly,1:5,30-05-2014,26-07-2014,24-07-2014
,Sangam Renewabl,57:100,28-05-2014,22-07-2014,21-07-2014
,Kavita Fabrics,2:1,27-05-2014,21-07-2014,18-07-2014
SHRENUJ,Shrenuj and Co,1:1,23-05-2014,-,15-07-2014
notScraping,Fairchem Spec,1:10,19-05-2014,10-07-2014,09-07-2014
LGBBROSLTD,LG Balakrishnan,1:1,15-05-2014,-,04-07-2014
notScraping,Deepak Nitrite,1:1,02-05-2014,23-06-2014,20-06-2014
GRUH,GRUH Finance,1:1,11-04-2014,10-06-2014,09-06-2014
notScraping,Mindtree,1:1,16-04-2014,04-06-2014,03-06-2014
,SRG Housing Fin,2:5,15-04-2014,30-05-2014,29-05-2014
GMBREW,GM Breweries,1:4,03-04-2014,-,16-05-2014
KOTHARIPRO,Kothari Product,2:1,11-02-2014,02-04-2014,28-03-2014
MAYURUNIQ,Mayur Uniquoter,1:1,12-02-2014,02-04-2014,28-03-2014
RAJTV,Raj Television,1:1,28-01-2014,26-03-2014,25-03-2014
,PMC Fincorp,8:10,27-01-2014,15-03-2014,13-03-2014
SHARONBIO,Sharon Bio Medi,1:1,14-01-2014,21-02-2014,20-02-2014
MOHOTAIND,Mohota Ind,2:1,18-12-2013,07-02-2014,06-02-2014
,Veronica Prod,2:1,02-12-2013,27-01-2014,24-01-2014
ALLCARGO,Allcargo,1:1,06-11-2015,31-12-2015,30-12-2015
notScraping,Marico,1:1,04-11-2015,24-12-2015,22-12-2015
MARATHON,Marathon Realty,1:2,03-11-2015,22-12-2015,21-12-2015
VENKEYS,Venkys,1:2,14-09-2015,22-12-2015,21-12-2015
ECLERX,eClerx Services,1:3,02-11-2015,18-12-2015,17-12-2015
,Mangal Credit,5:1,05-11-2015,19-12-2015,17-12-2015
,Fairdeal Fila,1:10,13-08-2015,31-10-2015,29-10-2015
,Looks Health,3:4,13-10-2015,30-10-2015,29-10-2015
,Kavit Ind,1:3,31-08-2015,26-10-2015,23-10-2015
RUBYMILLS,Ruby Mills,1:1,31-08-2015,24-10-2015,21-10-2015
,Dhabriya Poly,1:4,01-09-2015,23-10-2015,21-10-2015
,Vinaditya Trad,47:1,07-09-2015,16-10-2015,15-10-2015
,Tiger Logistics,3:2,01-09-2015,16-10-2015,15-10-2015
PINCON,Pincon Spirit,1:1,26-08-2015,10-10-2015,08-10-2015
SHIVAMAUTO,Shivam Auto,1:1,18-05-2015,10-10-2015,08-10-2015
,Amines Plast,1:1,27-08-2015,09-10-2015,08-10-2015
,Captain Poly,1:8,17-08-2015,10-10-2015,08-10-2015
ALPINEHOU,Alpine Hsg,1:1,11-08-2015,-,06-10-2015
,Coastal Corp,1:1,20-07-2015,-,29-09-2015
notScraping,Apcotex Ind,1:1,31-07-2015,24-09-2015,23-09-2015
notScraping,Colgate,1:1,30-07-2015,24-09-2015,23-09-2015
DIVISLAB,Divis Labs,1:1,08-08-2015,26-09-2015,23-09-2015
BEL,Bharat Elec,2:1,24-07-2015,15-09-2015,14-09-2015
notScraping,Dewan Housing,1:1,23-07-2015,10-09-2015,09-09-2015
ELPROINTL,Elpro Int,2:1,28-05-2015,-,08-09-2015
notScraping,Damodar Ind,1:4,27-05-2015,03-09-2015,02-09-2015
,PMC Fincorp,1:1,09-07-2015,01-09-2015,31-08-2015
,Tea Time Ltd,93:200,17-07-2015,08-09-2015,28-08-2015
,Anuh Pharma,2:1,12-06-2015,06-08-2015,05-08-2015
MBLINFRA,MBL Infra,1:1,25-05-2015,29-07-2015,28-07-2015
MOTHERSUMI,Motherson Sumi,1:2,10-06-2015,-,23-07-2015
AUROPHARMA,Aurobindo Pharm,1:1,28-05-2015,21-07-2015,20-07-2015
MAITHANALL,Maithan Alloys,1:1,26-05-2015,16-07-2015,15-07-2015
FEDERALBNK,Federal Bank,1:1,16-05-2015,09-07-2015,08-07-2015
KOTAKBANK,Kotak Mahindra,1:1,05-05-2015,09-07-2015,08-07-2015
,Manvijay Dev,1:1,01-06-2015,09-07-2015,08-07-2015
RELAXO,Relaxo Footwear,1:1,11-05-2015,02-07-2015,01-07-2015
SRSLTD,SRS,1:1,11-05-2015,26-06-2015,25-06-2015
,Lancor Holdings,1:1,07-05-2015,25-06-2015,24-06-2015
CMAHENDRA,C Mahendra Expo,1:1,28-04-2015,19-06-2015,18-06-2015
INFY,Infosys,1:1,24-04-2015,-,15-06-2015
VIVIDHA,Visagar Polytex,10:1,06-04-2015,30-05-2015,28-05-2015
notScraping,Compuage Info,3:5,28-03-2015,27-05-2015,26-05-2015
,Chankya Investm,3:1,19-03-2015,06-05-2015,05-05-2015
INSECTICID,Insecticides,1:2,30-10-2014,17-04-2015,16-04-2015
,Piccadilly Agro,1:1,16-02-2015,07-04-2015,06-04-2015
WABAG,Va Tech Wabag,1:1,07-02-2015,27-03-2015,26-03-2015
,VHCL Industries,3:1,18-02-2015,27-03-2015,26-03-2015
notScraping,Aarti Drugs,1:1,30-01-2015,25-03-2015,24-03-2015
TECHM,Tech Mahindra,1:1,30-01-2015,20-03-2015,19-03-2015
HCLTECH,HCL Tech,1:1,30-01-2015,20-03-2015,19-03-2015
MOHOTAIND,Mohota Ind,1:6,05-02-2015,17-03-2015,16-03-2015
,Aarya Global,3:4,23-08-2014,12-03-2015,11-03-2015
PERSISTENT,Persistent,1:1,24-01-2015,11-03-2015,10-03-2015
,SVP Global,9:1,20-01-2015,05-03-2015,04-03-2015
FCL,Fineotex Chem,1:1,15-12-2014,13-02-2015,12-02-2015
,Trilogic Digi,1:1,29-05-2014,12-02-2015,11-02-2015
,Delton Cables,2:1,12-12-2014,27-01-2015,23-01-2015
,SRS Real Infra,1:1,18-11-2014,14-01-2015,13-01-2015
MINDACORP,Minda Corp,1:1,14-11-2014,06-01-2015,05-01-2015
GODREJIND,Godrej Ind,1:1250,07-02-2014,06-01-2015,05-01-2015
,JMD Ventures,1:1,24-11-2014,02-01-2015,01-01-2015
ENGINERSIN,EngineersInd,1:1,16-11-2016,02-01-2017,30-12-2016
BALMLAWRIE,Balmer Lawrie,3:1,26-10-2016,27-12-2016,26-12-2016
ONGC,ONGC,1:2,27-10-2016,16-12-2016,15-12-2016
,Vishal Bearing,1:4,15-10-2016,16-12-2016,15-12-2016
notScraping,Indian Hume,1:1,26-10-2016,13-12-2016,09-12-2016
SUNILHITEC,Sunil HitechEng,1:1,13-10-2016,03-12-2016,01-12-2016
HIGHGROUND,High Ground Ent,1:10,16-08-2016,25-10-2016,24-10-2016
,Modex Intl Sec,1:1,10-08-2016,21-10-2016,20-10-2016
ALANKIT,Alankit,1:1,26-08-2016,20-10-2016,19-10-2016
IOC,IOC,1:1,29-08-2016,19-10-2016,18-10-2016
,Chaman Lal Seti,1:10,29-08-2016,17-10-2016,14-10-2016
,Piccadilly Agro,1:1,03-09-2016,13-10-2016,10-10-2016
8KMILES,8K Miles Soft,1:3,24-08-2016,13-10-2016,10-10-2016
,Starlit Power,1:4,05-09-2016,07-10-2016,06-10-2016
,Diamond Info,2:1,10-08-2016,05-10-2016,04-10-2016
notScraping,Assoc Stone,1:4,06-08-2016,30-09-2016,29-09-2016
RECLTD,REC,1:1,11-08-2016,29-09-2016,28-09-2016
,Viaan Ind,2:1,12-08-2016,-,27-09-2016
,Arnold Holdings,5:1,12-08-2016,28-09-2016,27-09-2016
,Kanpur Plast,1:2,29-07-2016,26-09-2016,23-09-2016
,Atishay,1:4,03-09-2016,15-09-2016,14-09-2016
SYMPHONY,Symphony,1:1,26-07-2016,15-09-2016,14-09-2016
notScraping,HPCL,2:1,20-07-2016,15-09-2016,14-09-2016
BAJFINANCE,Bajaj Finance,1:1,26-07-2016,10-09-2016,08-09-2016
,Ultracab India,1:2,11-07-2016,09-09-2016,08-09-2016
notScraping,Wim Plast,1:1,03-08-2016,09-09-2016,08-09-2016
NBVENTURES,Nava Bharat Ven,1:1,22-07-2016,03-09-2016,01-09-2016
,Oasis Tradelink,1:3,15-07-2016,31-08-2016,30-08-2016
notScraping,Menon Bearings,1:5,14-07-2016,31-08-2016,30-08-2016
PFC,Power Finance,1:1,14-07-2016,29-08-2016,26-08-2016
KTIL,Kesar Terminals,1:25,24-06-2016,13-08-2016,11-08-2016
SANCO,Sanco Ind,1:5,30-06-2016,11-08-2016,10-08-2016
HISARMETAL,Hisar Metal,1:2,24-06-2016,10-08-2016,09-08-2016
,Amba Enterprise,1:5,30-05-2016,09-08-2016,08-08-2016
,Oceanaa Biotek,7:10,30-05-2016,30-07-2016,28-07-2016
,Frontier Cap,1:3,30-05-2016,29-07-2016,28-07-2016
,Jiya Eco,1:5,16-06-2016,28-07-2016,27-07-2016
notScraping,Ind & Prud Invt,2:1,30-05-2016,20-07-2016,19-07-2016
BERGEPAINT,Berger Paints,2:5,30-05-2016,18-07-2016,15-07-2016
GANESHHOUC,Ganesh Housing,1:2,30-05-2016,15-07-2016,14-07-2016
GRINDWELL,Grindwell Norto,1:1,30-05-2016,15-07-2016,14-07-2016
HATSUN,Hatsun Agro,2:5,27-05-2016,14-07-2016,13-07-2016
BPCL,BPCL,1:1,26-05-2016,14-07-2016,13-07-2016
ITC,ITC,1:2,20-05-2016,04-07-2016,01-07-2016
PINCON,Pincon Spirit,1:1,28-04-2016,25-06-2016,23-06-2016
,Suyog Tele,1:5,18-04-2016,14-06-2016,13-06-2016
GMBREW,GM Breweries,1:4,05-04-2016,31-05-2016,30-05-2016
,Gloster,1:1,29-03-2016,23-05-2016,20-05-2016
,Ambition Mica,1:1,19-02-2016,12-05-2016,11-05-2016
DPC02,Dishman Pharma,1:1,25-02-2016,03-05-2016,02-05-2016
,Filtra Consult,3:2,22-02-2016,08-04-2016,06-04-2016
VIVIDHA,Visagar Polytex,1:3,10-02-2016,02-04-2016,30-03-2016
,Atharv Ent,1:1,10-02-2016,19-03-2016,17-03-2016
TIDEWATER,Tide Water Oil,1:1,28-01-2016,17-03-2016,16-03-2016
RAMASTEEL,Rama Steel Tube,4:1,27-01-2016,15-03-2016,14-03-2016
ASOCALCHOL,Assoc Alcohol,1:1,22-01-2016,11-03-2016,10-03-2016
,Ideal Texbuild,2:5,29-01-2016,12-03-2016,10-03-2016
notScraping,Mindtree,1:1,18-01-2016,10-03-2016,09-03-2016
,ABans Enterpris,7:1,07-01-2016,04-03-2016,03-03-2016
,Vegetable Prod,9:5,26-08-2015,22-02-2016,18-02-2016
CONTROLPR,Control Print,1:2,17-11-2015,12-01-2016,11-01-2016
KOTHARIPRO,Kothari Product,1:2,10-11-2015,06-01-2016,05-01-2016
VAKRANGEE,Vakrangee,1:1,13-11-2017,23-12-2017,21-12-2017
BALKRISIND,Balkrishna Ind,1:1,08-11-2017,23-12-2017,21-12-2017
M&M,M&M,1:1,10-11-2017,23-12-2017,21-12-2017
CASTROLIND,Castrol,1:1,07-11-2017,23-12-2017,21-12-2017
,Sri Krishna Con,1:10,30-08-2017,07-12-2017,06-12-2017
,Money Masters,1:4,27-09-2017,14-11-2017,13-11-2017
,Gala Global Prd,1:20,12-06-2017,13-11-2017,10-11-2017
INFINITE,Infinite Comp,1:26,14-09-2017,02-11-2017,01-11-2017
,Arfin India,2:1,10-09-2017,02-11-2017,01-11-2017
,BAMPSL Sec,3:20,22-08-2017,27-10-2017,26-10-2017
,Autoriders Intl,1:1,14-08-2017,31-10-2017,19-10-2017
SHAIVAL,Shaival Reality,5:1,05-09-2017,18-10-2017,17-10-2017
,Kallam Spinning,1:4,26-08-2017,13-10-2017,12-10-2017
,Talbros Eng,1:1,17-08-2017,14-10-2017,12-10-2017
,Kwality Pharmac,1:1,05-09-2017,12-10-2017,11-10-2017
,Alexander Stamp,1:5,14-08-2017,12-10-2017,11-10-2017
,Majestic Resear,1:1,29-08-2017,11-10-2017,10-10-2017
,Shivalik Bimeta,1:1,23-08-2017,06-10-2017,05-10-2017
PANAMAPET,Panama Petro,1:2,14-08-2017,04-10-2017,03-10-2017
BEL,Bharat Elec,1:10,10-08-2017,29-09-2017,28-09-2017
BHARATFORG,Bharat Forge,1:1,10-08-2017,30-09-2017,28-09-2017
BHEL,BHEL,1:2,10-08-2017,30-09-2017,28-09-2017
MANPASAND,Manpasand Bever,1:1,10-08-2017,28-09-2017,27-09-2017
,Loyal Equip,1:2,01-08-2017,28-09-2017,27-09-2017
MOIL,MOIL,1:1,10-08-2017,28-09-2017,27-09-2017
TATAELXSI,Tata Elxsi,1:1,27-07-2017,19-09-2017,18-09-2017
RELIANCE,Reliance,1:1,21-07-2017,09-09-2017,07-09-2017
,Mangalam Seeds,1:1,30-05-2017,31-08-2017,30-08-2017
,Rajputana Inves,9:5,24-06-2017,29-08-2017,28-08-2017
,Kanco Tea,2:1,03-07-2017,23-08-2017,22-08-2017
,Ceinsys Tech,1:10,30-06-2017,11-08-2017,10-08-2017
VIJIFIN,Viji Finance,1:10,10-06-2017,07-08-2017,04-08-2017
notScraping,Jayant Agro-Org,1:1,16-06-2017,02-08-2017,01-08-2017
LT,Larsen,1:2,29-05-2017,14-07-2017,13-07-2017
CUB,City Union Bank,1:10,29-05-2017,15-07-2017,13-07-2017
GPTINFRA,GPT Infra,1:1,23-05-2017,-,13-07-2017
BPCL,BPCL,1:2,30-05-2017,15-07-2017,13-07-2017
LYPSAGEMS,Lypsa Gems,2:5,25-05-2017,13-07-2017,12-07-2017
MUNJALAU,Munjal Auto Ind,1:1,22-05-2017,12-07-2017,11-07-2017
notScraping,HPCL,1:2,26-05-2017,12-07-2017,11-07-2017
MHRIL,Mahindra Holida,1:2,19-05-2017,11-07-2017,10-07-2017
MAANALU,Maan Aluminium,1:1,26-05-2017,11-07-2017,10-07-2017
,Shantai Industr,2:1,05-05-2017,10-07-2017,07-07-2017
PCJEWELLER,PC Jeweller,1:1,25-05-2017,07-07-2017,06-07-2017
MOTHERSUMI,Motherson Sumi,1:2,19-05-2017,-,05-07-2017
PETRONET,Petronet LNG,1:1,09-05-2017,04-07-2017,03-07-2017
PLASTIBLEN,Plastiblends,1:1,11-05-2017,04-07-2017,03-07-2017
SANWARIA,Sanwaria Consum,1:1,22-05-2017,04-07-2017,03-07-2017
GODREJCP,Godrej Consumer,1:1,09-05-2017,24-06-2017,22-06-2017
KITEX,Kitex Garments,2:5,28-04-2017,23-06-2017,22-06-2017
ICICIBANK,ICICI Bank,1:10,03-05-2017,-,20-06-2017
,Thacker,32:21,06-05-2017,19-06-2017,16-06-2017
BIOCON,Biocon,2:1,27-04-2017,17-06-2017,15-06-2017
WIPRO,Wipro,1:1,25-04-2017,14-06-2017,13-06-2017
MUTHOOTCAP,Muthoot Cap,1:10,18-04-2017,13-06-2017,12-06-2017
notScraping,Hind Composites,1:2,10-04-2017,26-05-2017,25-05-2017
BEARDSELL,Beardsell,1:5,15-03-2017,05-05-2017,04-05-2017
,Ram Minerals,4:1,14-02-2017,19-04-2017,18-04-2017
CONCOR,Container Corp,1:4,13-02-2017,06-04-2017,05-04-2017
,Ashari Agencies,4:1,20-02-2017,03-04-2017,31-03-2017
POLYMED,Poly Medicure,1:1,06-02-2017,28-03-2017,24-03-2017
,Kushal,1:1,20-01-2017,17-03-2017,16-03-2017
,K.P. Energy ,2:1,28-01-2017,16-03-2017,15-03-2017
VGUARD,V-Guard Ind,2:5,30-01-2017,16-03-2017,15-03-2017
ABMINTLTD,ABM Inter,5:1,23-01-2017,16-03-2017,15-03-2017
,Colorchips New ,1:1,20-02-2017,14-03-2017,10-03-2017
GAIL,GAIL,1:3,25-01-2017,11-03-2017,09-03-2017
,Tejnaksh,1:1,18-01-2017,09-03-2017,08-03-2017
,Akme Star,1:1,20-01-2017,08-03-2017,07-03-2017
NBCC,NBCC (India),1:2,04-01-2017,21-02-2017,17-02-2017
,Ishan Dyes,1:2,29-12-2016,15-02-2017,14-02-2017
notScraping,Orbit Exports,1:1,26-12-2016,15-02-2017,14-02-2017
,Ambition Mica,1:2,21-12-2016,06-02-2017,03-02-2017
FOURTHDIM,Fourth Dimensio,1:1,12-12-2016,03-02-2017,02-02-2017
,Nutraplus India,1:10,22-08-2016,20-01-2017,19-01-2017
OIL,Oil India,1:3,28-11-2016,13-01-2017,12-01-2017
STAMPEDE,Stampede Cap,1:4,01-09-2016,11-01-2017,10-01-2017
,Advance Syntex ,3:20,15-11-2016,05-01-2017,04-01-2017
CAMPALLIED,ORIENTAL AROMAT,1:1,26-10-2018,14-12-2018,13-12-2018
,OFS Technologie,6:10,17-09-2018,01-12-2018,29-11-2018
,Jiya Eco,1:1,10-10-2018,21-11-2018,19-11-2018
,Arfin India,1:5,24-09-2018,14-11-2018,13-11-2018
MOTHERSUMI,Motherson Sumi,1:2,07-09-2018,31-10-2018,30-10-2018
,Duke Offshore,1:1,31-08-2018,29-10-2018,26-10-2018
,CES Limited,27:1,04-09-2018,23-10-2018,22-10-2018
,Shashijit Infra,1:5,01-09-2018,15-10-2018,12-10-2018
,Suncare Trader,1:1,30-08-2018,12-10-2018,11-10-2018
ALPINEHOU,Alpine Hsg,1:3,01-09-2018,12-10-2018,11-10-2018
,Zenlabs Ethica,1:20,25-08-2018,13-10-2018,11-10-2018
CUPID,Cupid,1:5,24-08-2018,12-10-2018,11-10-2018
,South India Pro,4:1,25-08-2018,10-10-2018,09-10-2018
,Bhatia Communic,1:1,16-08-2018,09-10-2018,08-10-2018
,Beekay Niryat,1:1,07-08-2018,09-10-2018,08-10-2018
,Zeal Aqua ,2:1,16-08-2018,05-10-2018,04-10-2018
notScraping,ZIM Laboratorie,1:1,14-08-2018,06-10-2018,04-10-2018
,Filtra Consult,1:5,23-08-2018,06-10-2018,04-10-2018
IGARASHI,Igarashi Motors,25:202,08-08-2018,28-09-2018,27-09-2018
,Alexander Stamp,1:5,21-08-2018,28-09-2018,27-09-2018
EMKAYTOOLS,Emkay Taps,5:1,18-08-2018,25-09-2018,24-09-2018
LIBAS,Libas Designs,1:2,28-07-2018,24-09-2018,21-09-2018
,Darshan Orna,11:10,07-08-2018,21-09-2018,19-09-2018
,Mehai Technolog,1:1,13-08-2018,19-09-2018,18-09-2018
,7NR Retail,1:2,10-08-2018,18-09-2018,17-09-2018
,Jet Infra,1:1,30-07-2018,17-09-2018,14-09-2018
YUKENINDIA,Yuken India,3:1,08-08-2018,14-09-2018,12-09-2018
GODREJCP,Godrej Consumer,1:2,30-07-2018,14-09-2018,12-09-2018
JETFREIGHT,Jet Freight Log,1:1,03-08-2018,14-09-2018,12-09-2018
GLAXO,GlaxoSmithKline,1:1,24-07-2018,13-09-2018,11-09-2018
MCL,Madhav Copper,2:1,04-08-2018,06-09-2018,05-09-2018
INFY,Infosys,1:1,13-07-2018,05-09-2018,04-09-2018
,Cheviot Company,1:2,10-07-2018,30-08-2018,29-08-2018
KARURVYSYA,Karur Vysya,1:10,25-06-2018,18-08-2018,14-08-2018
notScraping,DIL,1:1,18-06-2018,09-08-2018,08-08-2018
WHEELS,Wheels,1:1,22-06-2018,09-08-2018,08-08-2018
SUMEETINDS,Sumeet Ind,1:4,22-06-2018,04-08-2018,02-08-2018
BOROSIL,Borosil Glass,3:1,18-06-2018,03-08-2018,02-08-2018
MMFL,MM Forgings,1:1,28-05-2018,19-07-2018,18-07-2018
GICRE,General Insuran,1:1,25-05-2018,14-07-2018,12-07-2018
notScraping,Ashoka Buildcon,1:2,29-05-2018,13-07-2018,12-07-2018
MINDAIND,Minda Ind,2:1,22-05-2018,12-07-2018,11-07-2018
CUB,City Union Bank,1:10,24-05-2018,11-07-2018,10-07-2018
,Srestha Finvest,1:10,11-05-2018,09-07-2018,06-07-2018
JYOTHYLAB,Jyothy Labs,1:1,16-05-2018,30-06-2018,28-06-2018
,Prabhat Telecom,1:5,21-05-2018,30-06-2018,28-06-2018
notScraping,New India Assur,1:1,11-05-2018,28-06-2018,27-06-2018
AVANTIFEED,Avanti Feeds,1:2,09-05-2018,27-06-2018,26-06-2018
HIKAL,Hikal,1:2,09-05-2018,25-06-2018,22-06-2018
EMAMILTD,Emami,1:1,03-05-2018,22-06-2018,21-06-2018
JUBLFOOD,Jubilant Food,1:1,08-05-2018,23-06-2018,21-06-2018
ESSELPACK,Essel Propack,1:1,26-04-2018,21-06-2018,20-06-2018
,Umiya Tubes,1:3,02-05-2018,21-06-2018,20-06-2018
,Transcorp Intl,1:4,07-05-2018,20-06-2018,19-06-2018
LGBBROSLTD,LG Balakrishnan,1:1,28-04-2018,16-06-2018,14-06-2018
GRUH,GRUH Finance,1:1,14-04-2018,07-06-2018,06-06-2018
TCS,TCS,1:1,19-04-2018,02-06-2018,31-05-2018
,Coastal Corp,3:1,07-04-2018,24-05-2018,23-05-2018
GMBREW,GM Breweries,1:4,05-04-2018,22-05-2018,21-05-2018
,United Drilling,1:1,19-03-2018,12-05-2018,10-05-2018
,Gala Global Prd,1:20,19-03-2018,12-05-2018,10-05-2018
,Raghav Producti,2:5,30-03-2018,09-05-2018,08-05-2018
MMTC,MMTC Ltd,1:2,19-03-2018,04-05-2018,03-05-2018
,K.P. Energy ,3:10,16-03-2018,01-05-2018,26-04-2018
,Tejnaksh,36:10,12-03-2018,28-04-2018,26-04-2018
,A Infra.,1:1,10-03-2018,23-04-2018,20-04-2018
,Shivalik Rasa,1:4,05-03-2018,20-04-2018,19-04-2018
,Powerhouse Gym,1:20,09-02-2018,11-04-2018,10-04-2018
GAIL,GAIL,1:3,12-02-2018,29-03-2018,27-03-2018
OIL,Oil India,1:2,09-02-2018,29-03-2018,27-03-2018
KELLTONTEC,Kellton Tech,1:1,06-02-2018,29-03-2018,27-03-2018
,Citadel Realty,1:1,02-02-2018,27-03-2018,26-03-2018
LAOPALA,La Opala RG,1:1,05-02-2018,23-03-2018,22-03-2018
IOC,IOC,1:1,30-01-2018,17-03-2018,15-03-2018
,Jash Dealmark,1:1,06-02-2018,17-03-2018,15-03-2018
notScraping,Yash Chemex,3:2,27-01-2018,15-03-2018,14-03-2018
notScraping,Garnet Intl,2:1,24-01-2018,07-03-2018,06-03-2018
notScraping,Excel Realty,2:1,30-11-2017,24-01-2018,23-01-2018
,Fiberweb India,1:1,05-12-2017,18-01-2018,17-01-2018
,VKJ Infra,1:3,20-11-2017,13-01-2018,11-01-2018
notScraping,Bil Energy,1:1,14-11-2017,13-01-2018,11-01-2018
DRL,Dhanuka Realty,1:1,27-11-2017,10-01-2018,09-01-2018
,Lancer Containe,3:5,24-11-2017,04-01-2018,03-01-2018
,Riddhi Corp,25:10,29-11-2018,22-01-2019,21-01-2019
